config_id,model_name,num_layers,hidden,gcn_skip,dropout,epochs,lr,ortho_regularization,link_pred_regularization,entropy_regularization,mu,sigma_c,n,min_community,graph_seed,training_repeat,train_seed,ECS,NMI,n_true_clusters,n_pred_clusters,cluster_ratio,last_loss,elapsed_time_sec
1,mincut,1,32,False,0.0,200,0.005,0.1,,,0.01,5,1000,30,25,1,100000,0.9514424242424243,0.9868708649848079,18,18,1.0,-0.9630945324897766,1.6963739395141602
1,mincut,1,32,False,0.0,200,0.005,0.1,,,0.01,5,1000,30,25,2,100001,1.0,1.0,18,18,1.0,-0.9781957864761353,2.3083250522613525
1,mincut,1,32,False,0.0,200,0.005,0.1,,,0.01,5,1000,30,25,3,100002,0.9589473684210528,0.9893746998421157,18,17,0.9444444444444444,-0.9651303291320801,1.439244031906128
2,mincut,1,32,False,0.0,200,0.005,0.5,,,0.01,5,1000,30,25,1,200000,0.9664705882352942,0.9916504969663741,18,17,0.9444444444444444,-0.8588968515396118,1.4384398460388184
2,mincut,1,32,False,0.0,200,0.005,0.5,,,0.01,5,1000,30,25,2,200001,1.0,1.0,18,18,1.0,-0.9215558767318726,1.47068190574646
2,mincut,1,32,False,0.0,200,0.005,0.5,,,0.01,5,1000,30,25,3,200002,0.968125,0.9920880250163735,18,17,0.9444444444444444,-0.8607838153839111,1.4664640426635742
3,mincut,1,32,False,0.0,200,0.005,1.0,,,0.01,5,1000,30,25,1,300000,1.0,1.0,18,18,1.0,-0.837802529335022,1.4751629829406738
3,mincut,1,32,False,0.0,200,0.005,1.0,,,0.01,5,1000,30,25,2,300001,0.9227052767052767,0.9808966958890881,18,18,1.0,-0.7950729727745056,1.438370943069458
3,mincut,1,32,False,0.0,200,0.005,1.0,,,0.01,5,1000,30,25,3,300002,0.9229195624195624,0.9809340897427363,18,18,1.0,-0.7907907962799072,1.43320894241333
4,mincut,1,32,False,0.0,200,0.01,0.1,,,0.01,5,1000,30,25,1,400000,1.0,1.0,18,18,1.0,-0.9784704446792603,1.5724501609802246
4,mincut,1,32,False,0.0,200,0.01,0.1,,,0.01,5,1000,30,25,2,400001,1.0,1.0,18,18,1.0,-0.9784018397331238,1.4664559364318848
4,mincut,1,32,False,0.0,200,0.01,0.1,,,0.01,5,1000,30,25,3,400002,1.0,1.0,18,18,1.0,-0.9785411953926086,1.487410068511963
5,mincut,1,32,False,0.0,200,0.01,0.5,,,0.01,5,1000,30,25,1,500000,0.9643243243243244,0.9910550518703559,18,17,0.9444444444444444,-0.8596134781837463,1.5908188819885254
5,mincut,1,32,False,0.0,200,0.01,0.5,,,0.01,5,1000,30,25,2,500001,1.0,1.0,18,18,1.0,-0.9252451658248901,1.4839468002319336
5,mincut,1,32,False,0.0,200,0.01,0.5,,,0.01,5,1000,30,25,3,500002,0.9660869565217391,0.9915465242539234,18,17,0.9444444444444444,-0.8597977161407471,1.631105661392212
6,mincut,1,32,False,0.0,200,0.01,1.0,,,0.01,5,1000,30,25,1,600000,0.918305,0.9799704908721183,18,18,1.0,-0.7785569429397583,1.4715888500213623
6,mincut,1,32,False,0.0,200,0.01,1.0,,,0.01,5,1000,30,25,2,600001,1.0,1.0,18,18,1.0,-0.8566440939903259,2.179725170135498
6,mincut,1,32,False,0.0,200,0.01,1.0,,,0.01,5,1000,30,25,3,600002,1.0,1.0,18,18,1.0,-0.8582195043563843,1.5883488655090332
7,mincut,1,32,False,0.0,500,0.005,0.1,,,0.01,5,1000,30,25,1,700000,1.0,1.0,18,18,1.0,-0.9786849617958069,5.322372913360596
7,mincut,1,32,False,0.0,500,0.005,0.1,,,0.01,5,1000,30,25,2,700001,1.0,1.0,18,18,1.0,-0.9787362813949585,3.9354491233825684
7,mincut,1,32,False,0.0,500,0.005,0.1,,,0.01,5,1000,30,25,3,700002,1.0,1.0,18,18,1.0,-0.9785426259040833,3.634190082550049
8,mincut,1,32,False,0.0,500,0.005,0.5,,,0.01,5,1000,30,25,1,800000,1.0,1.0,18,18,1.0,-0.9258660078048706,3.696924924850464
8,mincut,1,32,False,0.0,500,0.005,0.5,,,0.01,5,1000,30,25,2,800001,1.0,1.0,18,18,1.0,-0.9264806509017944,3.60611891746521
8,mincut,1,32,False,0.0,500,0.005,0.5,,,0.01,5,1000,30,25,3,800002,1.0,1.0,18,18,1.0,-0.9262847304344177,3.663935899734497
9,mincut,1,32,False,0.0,500,0.005,1.0,,,0.01,5,1000,30,25,1,900000,1.0,1.0,18,18,1.0,-0.8609527945518494,3.7339179515838623
9,mincut,1,32,False,0.0,500,0.005,1.0,,,0.01,5,1000,30,25,2,900001,1.0,1.0,18,18,1.0,-0.8610391616821289,4.714879035949707
9,mincut,1,32,False,0.0,500,0.005,1.0,,,0.01,5,1000,30,25,3,900002,1.0,1.0,18,18,1.0,-0.8604137897491455,4.069118022918701
10,mincut,1,32,False,0.0,500,0.01,0.1,,,0.01,5,1000,30,25,1,1000000,1.0,1.0,18,18,1.0,-0.9787728786468506,3.625399112701416
10,mincut,1,32,False,0.0,500,0.01,0.1,,,0.01,5,1000,30,25,2,1000001,0.9589473684210528,0.9893746998421157,18,17,0.9444444444444444,-0.9657682180404663,3.681596040725708
10,mincut,1,32,False,0.0,500,0.01,0.1,,,0.01,5,1000,30,25,3,1000002,1.0,1.0,18,18,1.0,-0.9787591695785522,3.3935141563415527
11,mincut,1,32,False,0.0,500,0.01,0.5,,,0.01,5,1000,30,25,1,1100000,1.0,1.0,18,18,1.0,-0.9259516000747681,3.4071459770202637
11,mincut,1,32,False,0.0,500,0.01,0.5,,,0.01,5,1000,30,25,2,1100001,1.0,1.0,18,18,1.0,-0.9265011548995972,3.434519052505493
11,mincut,1,32,False,0.0,500,0.01,0.5,,,0.01,5,1000,30,25,3,1100002,1.0,1.0,18,18,1.0,-0.9266946315765381,3.466215133666992
12,mincut,1,32,False,0.0,500,0.01,1.0,,,0.01,5,1000,30,25,1,1200000,0.9263119565217391,0.981843009559005,18,18,1.0,-0.8020741939544678,3.4520678520202637
12,mincut,1,32,False,0.0,500,0.01,1.0,,,0.01,5,1000,30,25,2,1200001,1.0,1.0,18,18,1.0,-0.8605672121047974,3.5152618885040283
12,mincut,1,32,False,0.0,500,0.01,1.0,,,0.01,5,1000,30,25,3,1200002,1.0,1.0,18,18,1.0,-0.8613166809082031,3.4479548931121826
13,mincut,1,32,False,0.2,200,0.005,0.1,,,0.01,5,1000,30,25,1,1300000,0.8834882594417077,0.9614054866937082,18,16,0.8888888888888888,-0.9453767538070679,1.4230637550354004
13,mincut,1,32,False,0.2,200,0.005,0.1,,,0.01,5,1000,30,25,2,1300001,0.5778253360746294,0.8656268880543654,18,10,0.5555555555555556,-0.9140673875808716,1.454293966293335
13,mincut,1,32,False,0.2,200,0.005,0.1,,,0.01,5,1000,30,25,3,1300002,0.8131672808861905,0.9314947240503414,18,16,0.8888888888888888,-0.9397997856140137,1.48716402053833
14,mincut,1,32,False,0.2,200,0.005,0.5,,,0.01,5,1000,30,25,1,1400000,0.9289920634920635,0.9820926372093153,18,18,1.0,-0.8443655967712402,1.4499170780181885
14,mincut,1,32,False,0.2,200,0.005,0.5,,,0.01,5,1000,30,25,2,1400001,1.0,1.0,18,18,1.0,-0.9063397645950317,1.461803913116455
14,mincut,1,32,False,0.2,200,0.005,0.5,,,0.01,5,1000,30,25,3,1400002,1.0,1.0,18,18,1.0,-0.8894923329353333,1.4483089447021484
15,mincut,1,32,False,0.2,200,0.005,1.0,,,0.01,5,1000,30,25,1,1500000,0.9193465465465465,0.9801119731786578,18,18,1.0,-0.763761043548584,1.4327642917633057
15,mincut,1,32,False,0.2,200,0.005,1.0,,,0.01,5,1000,30,25,2,1500001,0.9287536231884057,0.9821492082451441,18,18,1.0,-0.7730701565742493,1.448718786239624
15,mincut,1,32,False,0.2,200,0.005,1.0,,,0.01,5,1000,30,25,3,1500002,0.9342705882352941,0.9830498677300268,18,18,1.0,-0.779565691947937,1.448009967803955
16,mincut,1,32,False,0.2,200,0.01,0.1,,,0.01,5,1000,30,25,1,1600000,0.36155366321622295,0.6428573395186983,18,7,0.3888888888888889,-0.9048203229904175,1.4216668605804443
16,mincut,1,32,False,0.2,200,0.01,0.1,,,0.01,5,1000,30,25,2,1600001,0.920301674229385,0.9799805240043087,18,16,0.8888888888888888,-0.9456643462181091,1.4549880027770996
16,mincut,1,32,False,0.2,200,0.01,0.1,,,0.01,5,1000,30,25,3,1600002,0.8063551097909305,0.9446422926167166,18,14,0.7777777777777778,-0.9326678514480591,1.4784119129180908
17,mincut,1,32,False,0.2,200,0.01,0.5,,,0.01,5,1000,30,25,1,1700000,0.9636712328767123,0.9909705359654976,18,17,0.9444444444444444,-0.8456291556358337,1.6824018955230713
17,mincut,1,32,False,0.2,200,0.01,0.5,,,0.01,5,1000,30,25,2,1700001,0.9492537313432836,0.9863479422274192,18,17,0.9444444444444444,-0.8486804962158203,1.58964204788208
17,mincut,1,32,False,0.2,200,0.01,0.5,,,0.01,5,1000,30,25,3,1700002,0.9284354354354355,0.9819790032648249,18,16,0.8888888888888888,-0.8000922799110413,1.6176347732543945
18,mincut,1,32,False,0.2,200,0.01,1.0,,,0.01,5,1000,30,25,1,1800000,0.9660869565217391,0.9915465242539233,18,17,0.9444444444444444,-0.7569482326507568,1.528566837310791
18,mincut,1,32,False,0.2,200,0.01,1.0,,,0.01,5,1000,30,25,2,1800001,0.916806956521739,0.9795229582987949,18,18,1.0,-0.7507660388946533,1.4694578647613525
18,mincut,1,32,False,0.2,200,0.01,1.0,,,0.01,5,1000,30,25,3,1800002,1.0,1.0,18,18,1.0,-0.830930233001709,1.492361068725586
19,mincut,1,32,False,0.2,500,0.005,0.1,,,0.01,5,1000,30,25,1,1900000,0.49437391148041215,0.8296727291315635,18,10,0.5555555555555556,-0.9083213806152344,3.6429779529571533
19,mincut,1,32,False,0.2,500,0.005,0.1,,,0.01,5,1000,30,25,2,1900001,0.8668219131614653,0.9650333309486551,18,15,0.8333333333333334,-0.9402535557746887,3.6344447135925293
19,mincut,1,32,False,0.2,500,0.005,0.1,,,0.01,5,1000,30,25,3,1900002,0.8018883525821714,0.9450339853851049,18,13,0.7222222222222222,-0.9336991310119629,3.465240955352783
20,mincut,1,32,False,0.2,500,0.005,0.5,,,0.01,5,1000,30,25,1,2000000,1.0,1.0,18,18,1.0,-0.9123580455780029,3.4952971935272217
20,mincut,1,32,False,0.2,500,0.005,0.5,,,0.01,5,1000,30,25,2,2000001,1.0,1.0,18,18,1.0,-0.9106118679046631,3.4807002544403076
20,mincut,1,32,False,0.2,500,0.005,0.5,,,0.01,5,1000,30,25,3,2000002,1.0,1.0,18,18,1.0,-0.9101642370223999,3.4314041137695312
21,mincut,1,32,False,0.2,500,0.005,1.0,,,0.01,5,1000,30,25,1,2100000,1.0,1.0,18,18,1.0,-0.8393473625183105,3.446179151535034
21,mincut,1,32,False,0.2,500,0.005,1.0,,,0.01,5,1000,30,25,2,2100001,0.9129648101265823,0.9784879191803382,18,18,1.0,-0.761781632900238,3.5011069774627686
21,mincut,1,32,False,0.2,500,0.005,1.0,,,0.01,5,1000,30,25,3,2100002,0.9252243243243243,0.9814696736395202,18,18,1.0,-0.7923579216003418,3.446415901184082
22,mincut,1,32,False,0.2,500,0.01,0.1,,,0.01,5,1000,30,25,1,2200000,0.8825799908494738,0.9700719963009962,18,15,0.8333333333333334,-0.9414509534835815,3.479854106903076
22,mincut,1,32,False,0.2,500,0.01,0.1,,,0.01,5,1000,30,25,2,2200001,0.836556273565826,0.9575370392429501,18,14,0.7777777777777778,-0.9376988410949707,3.4782631397247314
22,mincut,1,32,False,0.2,500,0.01,0.1,,,0.01,5,1000,30,25,3,2200002,0.9636712328767123,0.9909705359654977,18,17,0.9444444444444444,-0.9581443071365356,3.4368069171905518
23,mincut,1,32,False,0.2,500,0.01,0.5,,,0.01,5,1000,30,25,1,2300000,1.0,1.0,18,18,1.0,-0.9080248475074768,3.5392730236053467
23,mincut,1,32,False,0.2,500,0.01,0.5,,,0.01,5,1000,30,25,2,2300001,1.0,1.0,18,18,1.0,-0.9101362824440002,3.5060079097747803
23,mincut,1,32,False,0.2,500,0.01,0.5,,,0.01,5,1000,30,25,3,2300002,1.0,1.0,18,18,1.0,-0.9082760810852051,3.5221712589263916
24,mincut,1,32,False,0.2,500,0.01,1.0,,,0.01,5,1000,30,25,1,2400000,0.9317167293876155,0.9826715628428861,18,18,1.0,-0.791057825088501,3.4647648334503174
24,mincut,1,32,False,0.2,500,0.01,1.0,,,0.01,5,1000,30,25,2,2400001,0.9433050560692504,0.9831340984403155,18,18,1.0,-0.7746691107749939,3.616895914077759
24,mincut,1,32,False,0.2,500,0.01,1.0,,,0.01,5,1000,30,25,3,2400002,1.0,1.0,18,18,1.0,-0.8419865965843201,3.4653780460357666
25,mincut,1,32,False,0.5,200,0.005,0.1,,,0.01,5,1000,30,25,1,2500000,0.3582429202016716,0.6477987063135843,18,6,0.3333333333333333,-0.8950937986373901,1.5375628471374512
25,mincut,1,32,False,0.5,200,0.005,0.1,,,0.01,5,1000,30,25,2,2500001,0.5512203840879449,0.764663570139332,18,10,0.5555555555555556,-0.9068533778190613,1.4617929458618164
25,mincut,1,32,False,0.5,200,0.005,0.1,,,0.01,5,1000,30,25,3,2500002,0.47057365241635685,0.7062121404972128,18,8,0.4444444444444444,-0.9022865295410156,1.4221928119659424
26,mincut,1,32,False,0.5,200,0.005,0.5,,,0.01,5,1000,30,25,1,2600000,0.9660869565217391,0.9915465242539234,18,17,0.9444444444444444,-0.8187004327774048,1.399366855621338
26,mincut,1,32,False,0.5,200,0.005,0.5,,,0.01,5,1000,30,25,2,2600001,0.9641111111111111,0.9910848790726852,18,17,0.9444444444444444,-0.8215391635894775,1.3962678909301758
26,mincut,1,32,False,0.5,200,0.005,0.5,,,0.01,5,1000,30,25,3,2600002,0.8839729071060974,0.9705842123438914,18,15,0.8333333333333334,-0.7442775368690491,1.4963152408599854
27,mincut,1,32,False,0.5,200,0.005,1.0,,,0.01,5,1000,30,25,1,2700000,0.9634891015417332,0.9890814392717284,18,17,0.9444444444444444,-0.7616816163063049,1.4746410846710205
27,mincut,1,32,False,0.5,200,0.005,1.0,,,0.01,5,1000,30,25,2,2700001,1.0,1.0,18,18,1.0,-0.7906631827354431,1.4337389469146729
27,mincut,1,32,False,0.5,200,0.005,1.0,,,0.01,5,1000,30,25,3,2700002,0.8594077835785476,0.9599149692585357,18,17,0.9444444444444444,-0.6635307669639587,1.4439878463745117
28,mincut,1,32,False,0.5,200,0.01,0.1,,,0.01,5,1000,30,25,1,2800000,0.3257846403305829,0.6754666869492214,18,6,0.3333333333333333,-0.8912217020988464,1.4230883121490479
28,mincut,1,32,False,0.5,200,0.01,0.1,,,0.01,5,1000,30,25,2,2800001,0.7027285322671718,0.9042319234693509,18,12,0.6666666666666666,-0.922659158706665,1.4322590827941895
28,mincut,1,32,False,0.5,200,0.01,0.1,,,0.01,5,1000,30,25,3,2800002,0.7405713869972644,0.9268507028498757,18,13,0.7222222222222222,-0.9205861687660217,1.4477198123931885
29,mincut,1,32,False,0.5,200,0.01,0.5,,,0.01,5,1000,30,25,1,2900000,1.0,1.0,18,18,1.0,-0.8790163993835449,1.5443966388702393
29,mincut,1,32,False,0.5,200,0.01,0.5,,,0.01,5,1000,30,25,2,2900001,1.0,1.0,18,18,1.0,-0.8832185864448547,1.4226138591766357
29,mincut,1,32,False,0.5,200,0.01,0.5,,,0.01,5,1000,30,25,3,2900002,0.9267756024096385,0.9816366605929397,18,16,0.8888888888888888,-0.766289472579956,1.4638049602508545
30,mincut,1,32,False,0.5,200,0.01,1.0,,,0.01,5,1000,30,25,1,3000000,1.0,1.0,18,18,1.0,-0.81241774559021,1.4318718910217285
30,mincut,1,32,False,0.5,200,0.01,1.0,,,0.01,5,1000,30,25,2,3000001,0.968125,0.9920880250163735,18,17,0.9444444444444444,-0.7218210101127625,1.487462043762207
30,mincut,1,32,False,0.5,200,0.01,1.0,,,0.01,5,1000,30,25,3,3000002,0.9660869565217391,0.9915465242539234,18,17,0.9444444444444444,-0.7574844360351562,1.4101519584655762
31,mincut,1,32,False,0.5,500,0.005,0.1,,,0.01,5,1000,30,25,1,3100000,0.5491956595708587,0.8486170300010074,18,9,0.5,-0.9114523530006409,3.618582010269165
31,mincut,1,32,False,0.5,500,0.005,0.1,,,0.01,5,1000,30,25,2,3100001,0.5408895960724287,0.8566221175214923,18,9,0.5,-0.9108826518058777,3.5142440795898438
31,mincut,1,32,False,0.5,500,0.005,0.1,,,0.01,5,1000,30,25,3,3100002,0.43912512842663376,0.7630997794400519,18,7,0.3888888888888889,-0.9022941589355469,3.58866286277771
32,mincut,1,32,False,0.5,500,0.005,0.5,,,0.01,5,1000,30,25,1,3200000,0.8465707831325301,0.9607334721112988,18,14,0.7777777777777778,-0.7289299964904785,3.5973408222198486
32,mincut,1,32,False,0.5,500,0.005,0.5,,,0.01,5,1000,30,25,2,3200001,0.917491111111111,0.9795287822711434,18,18,1.0,-0.8288406729698181,3.5105788707733154
32,mincut,1,32,False,0.5,500,0.005,0.5,,,0.01,5,1000,30,25,3,3200002,1.0,1.0,18,18,1.0,-0.8882173299789429,3.5042548179626465
33,mincut,1,32,False,0.5,500,0.005,1.0,,,0.01,5,1000,30,25,1,3300000,1.0,1.0,18,18,1.0,-0.7795974612236023,3.4896740913391113
33,mincut,1,32,False,0.5,500,0.005,1.0,,,0.01,5,1000,30,25,2,3300001,1.0,1.0,18,18,1.0,-0.8201246857643127,3.5223779678344727
33,mincut,1,32,False,0.5,500,0.005,1.0,,,0.01,5,1000,30,25,3,3300002,1.0,1.0,18,18,1.0,-0.813836395740509,3.598021984100342
34,mincut,1,32,False,0.5,500,0.01,0.1,,,0.01,5,1000,30,25,1,3400000,0.4094095561762023,0.741338121417598,18,7,0.3888888888888889,-0.898013710975647,3.585891008377075
34,mincut,1,32,False,0.5,500,0.01,0.1,,,0.01,5,1000,30,25,2,3400001,0.4277896702200509,0.7611602263571333,18,7,0.3888888888888889,-0.9019518494606018,3.4589929580688477
34,mincut,1,32,False,0.5,500,0.01,0.1,,,0.01,5,1000,30,25,3,3400002,0.479830042123046,0.7919955461919358,18,8,0.4444444444444444,-0.8994922041893005,3.5035629272460938
35,mincut,1,32,False,0.5,500,0.01,0.5,,,0.01,5,1000,30,25,1,3500000,1.0,1.0,18,18,1.0,-0.8920265436172485,3.5260062217712402
35,mincut,1,32,False,0.5,500,0.01,0.5,,,0.01,5,1000,30,25,2,3500001,0.9204069565217392,0.978979024429899,18,17,0.9444444444444444,-0.7953636646270752,3.534420967102051
35,mincut,1,32,False,0.5,500,0.01,0.5,,,0.01,5,1000,30,25,3,3500002,0.8527581893984515,0.9623612870710931,18,14,0.7777777777777778,-0.7370468974113464,3.4394938945770264
36,mincut,1,32,False,0.5,500,0.01,1.0,,,0.01,5,1000,30,25,1,3600000,1.0,1.0,18,18,1.0,-0.8130018711090088,3.4535632133483887
36,mincut,1,32,False,0.5,500,0.01,1.0,,,0.01,5,1000,30,25,2,3600001,0.9165311111111111,0.9793590847533737,18,18,1.0,-0.7333129644393921,3.5941050052642822
36,mincut,1,32,False,0.5,500,0.01,1.0,,,0.01,5,1000,30,25,3,3600002,0.9276488095238097,0.9821296101533736,18,18,1.0,-0.7685832381248474,3.4992387294769287
37,mincut,1,32,True,0.0,200,0.005,0.1,,,0.01,5,1000,30,25,1,3700000,1.0,1.0,18,18,1.0,-0.9782894253730774,1.3360049724578857
37,mincut,1,32,True,0.0,200,0.005,0.1,,,0.01,5,1000,30,25,2,3700001,1.0,1.0,18,18,1.0,-0.9783914685249329,1.345024824142456
37,mincut,1,32,True,0.0,200,0.005,0.1,,,0.01,5,1000,30,25,3,3700002,1.0,1.0,18,18,1.0,-0.9761049747467041,1.3428218364715576
38,mincut,1,32,True,0.0,200,0.005,0.5,,,0.01,5,1000,30,25,1,3800000,0.9660869565217393,0.9915465242539236,18,17,0.9444444444444444,-0.858948290348053,1.3554291725158691
38,mincut,1,32,True,0.0,200,0.005,0.5,,,0.01,5,1000,30,25,2,3800001,1.0,1.0,18,18,1.0,-0.9221488237380981,1.3740131855010986
38,mincut,1,32,True,0.0,200,0.005,0.5,,,0.01,5,1000,30,25,3,3800002,1.0,1.0,18,18,1.0,-0.9204080700874329,1.3494148254394531
39,mincut,1,32,True,0.0,200,0.005,1.0,,,0.01,5,1000,30,25,1,3900000,1.0,1.0,18,18,1.0,-0.8547453880310059,1.3503570556640625
39,mincut,1,32,True,0.0,200,0.005,1.0,,,0.01,5,1000,30,25,2,3900001,1.0,1.0,18,18,1.0,-0.8517523407936096,1.3857176303863525
39,mincut,1,32,True,0.0,200,0.005,1.0,,,0.01,5,1000,30,25,3,3900002,0.9164905882352942,0.9795053946838863,18,18,1.0,-0.7656790614128113,1.3532700538635254
40,mincut,1,32,True,0.0,200,0.01,0.1,,,0.01,5,1000,30,25,1,4000000,1.0,1.0,18,18,1.0,-0.9787033796310425,1.3676869869232178
40,mincut,1,32,True,0.0,200,0.01,0.1,,,0.01,5,1000,30,25,2,4000001,1.0,1.0,18,18,1.0,-0.9787288308143616,1.342367172241211
40,mincut,1,32,True,0.0,200,0.01,0.1,,,0.01,5,1000,30,25,3,4000002,1.0,1.0,18,18,1.0,-0.9784210324287415,1.3396379947662354
41,mincut,1,32,True,0.0,200,0.01,0.5,,,0.01,5,1000,30,25,1,4100000,0.9223481338481339,0.9808345212379052,18,18,1.0,-0.8790926337242126,1.3573119640350342
41,mincut,1,32,True,0.0,200,0.01,0.5,,,0.01,5,1000,30,25,2,4100001,0.9660869565217391,0.9915465242539234,18,17,0.9444444444444444,-0.8591165542602539,1.6108968257904053
41,mincut,1,32,True,0.0,200,0.01,0.5,,,0.01,5,1000,30,25,3,4100002,1.0,1.0,18,18,1.0,-0.9237772226333618,1.7612671852111816
42,mincut,1,32,True,0.0,200,0.01,1.0,,,0.01,5,1000,30,25,1,4200000,0.919605596269154,0.9797807557895053,18,18,1.0,-0.8029264807701111,1.6828489303588867
42,mincut,1,32,True,0.0,200,0.01,1.0,,,0.01,5,1000,30,25,2,4200001,0.9201582563373608,0.9760796922074767,18,18,1.0,-0.8035871982574463,1.5727763175964355
42,mincut,1,32,True,0.0,200,0.01,1.0,,,0.01,5,1000,30,25,3,4200002,1.0,1.0,18,18,1.0,-0.8564708232879639,1.3841190338134766
43,mincut,1,32,True,0.0,500,0.005,0.1,,,0.01,5,1000,30,25,1,4300000,1.0,1.0,18,18,1.0,-0.9786086678504944,3.452726125717163
43,mincut,1,32,True,0.0,500,0.005,0.1,,,0.01,5,1000,30,25,2,4300001,1.0,1.0,18,18,1.0,-0.9788719415664673,3.761309862136841
43,mincut,1,32,True,0.0,500,0.005,0.1,,,0.01,5,1000,30,25,3,4300002,0.966086956521739,0.9915465242539234,18,17,0.9444444444444444,-0.9658681154251099,3.3368420600891113
44,mincut,1,32,True,0.0,500,0.005,0.5,,,0.01,5,1000,30,25,1,4400000,1.0,1.0,18,18,1.0,-0.9267472624778748,3.329195022583008
44,mincut,1,32,True,0.0,500,0.005,0.5,,,0.01,5,1000,30,25,2,4400001,1.0,1.0,18,18,1.0,-0.9261458516120911,3.3807601928710938
44,mincut,1,32,True,0.0,500,0.005,0.5,,,0.01,5,1000,30,25,3,4400002,1.0,1.0,18,18,1.0,-0.9257448315620422,3.405156135559082
45,mincut,1,32,True,0.0,500,0.005,1.0,,,0.01,5,1000,30,25,1,4500000,1.0,1.0,18,18,1.0,-0.8606124520301819,3.4060449600219727
45,mincut,1,32,True,0.0,500,0.005,1.0,,,0.01,5,1000,30,25,2,4500001,1.0,1.0,18,18,1.0,-0.8606765866279602,3.308166027069092
45,mincut,1,32,True,0.0,500,0.005,1.0,,,0.01,5,1000,30,25,3,4500002,1.0,1.0,18,18,1.0,-0.8600605726242065,3.5548479557037354
46,mincut,1,32,True,0.0,500,0.01,0.1,,,0.01,5,1000,30,25,1,4600000,1.0,1.0,18,18,1.0,-0.9788698554039001,3.5537407398223877
46,mincut,1,32,True,0.0,500,0.01,0.1,,,0.01,5,1000,30,25,2,4600001,1.0,1.0,18,18,1.0,-0.978860080242157,3.4493019580841064
46,mincut,1,32,True,0.0,500,0.01,0.1,,,0.01,5,1000,30,25,3,4600002,1.0,1.0,18,18,1.0,-0.9789347648620605,3.254037857055664
47,mincut,1,32,True,0.0,500,0.01,0.5,,,0.01,5,1000,30,25,1,4700000,0.9589473684210528,0.9893746998421157,18,17,0.9444444444444444,-0.8611405491828918,3.219003915786743
47,mincut,1,32,True,0.0,500,0.01,0.5,,,0.01,5,1000,30,25,2,4700001,1.0,1.0,18,18,1.0,-0.9266872406005859,3.6674718856811523
47,mincut,1,32,True,0.0,500,0.01,0.5,,,0.01,5,1000,30,25,3,4700002,1.0,1.0,18,18,1.0,-0.9261001944541931,4.031477928161621
48,mincut,1,32,True,0.0,500,0.01,1.0,,,0.01,5,1000,30,25,1,4800000,1.0,1.0,18,18,1.0,-0.8608975410461426,3.8689820766448975
48,mincut,1,32,True,0.0,500,0.01,1.0,,,0.01,5,1000,30,25,2,4800001,1.0,1.0,18,18,1.0,-0.8600014448165894,4.294893980026245
48,mincut,1,32,True,0.0,500,0.01,1.0,,,0.01,5,1000,30,25,3,4800002,1.0,1.0,18,18,1.0,-0.860404372215271,3.7364490032196045
49,mincut,1,32,True,0.2,200,0.005,0.1,,,0.01,5,1000,30,25,1,4900000,0.06403599999999991,0.0,18,1,0.05555555555555555,-0.8763591647148132,1.419234037399292
49,mincut,1,32,True,0.2,200,0.005,0.1,,,0.01,5,1000,30,25,2,4900001,0.14554389679715285,0.31014584961808017,18,3,0.16666666666666666,-0.887123167514801,1.4135551452636719
49,mincut,1,32,True,0.2,200,0.005,0.1,,,0.01,5,1000,30,25,3,4900002,0.09513475325527952,0.09558231050616346,18,2,0.1111111111111111,-0.8812782168388367,1.4092891216278076
50,mincut,1,32,True,0.2,200,0.005,0.5,,,0.01,5,1000,30,25,1,5000000,1.0,1.0,18,18,1.0,-0.9059653282165527,1.4466259479522705
50,mincut,1,32,True,0.2,200,0.005,0.5,,,0.01,5,1000,30,25,2,5000001,0.953066956521739,0.987066284467078,18,18,1.0,-0.848189115524292,1.4302091598510742
50,mincut,1,32,True,0.2,200,0.005,0.5,,,0.01,5,1000,30,25,3,5000002,0.964786576168929,0.9900814762494866,18,17,0.9444444444444444,-0.8472260236740112,1.4691603183746338
51,mincut,1,32,True,0.2,200,0.005,1.0,,,0.01,5,1000,30,25,1,5100000,1.0,1.0,18,18,1.0,-0.8102202415466309,1.4832608699798584
51,mincut,1,32,True,0.2,200,0.005,1.0,,,0.01,5,1000,30,25,2,5100001,0.9288717666483214,0.9823261054904194,18,18,1.0,-0.7829622626304626,1.454552173614502
51,mincut,1,32,True,0.2,200,0.005,1.0,,,0.01,5,1000,30,25,3,5100002,0.927095588235294,0.9820168026493213,18,18,1.0,-0.7806512117385864,1.469904899597168
52,mincut,1,32,True,0.2,200,0.01,0.1,,,0.01,5,1000,30,25,1,5200000,0.10515401301518422,0.17716755473689708,18,2,0.1111111111111111,-0.8823744058609009,1.4446320533752441
52,mincut,1,32,True,0.2,200,0.01,0.1,,,0.01,5,1000,30,25,2,5200001,0.1500371179039299,0.21898335604222752,18,3,0.16666666666666666,-0.8881730437278748,1.4634859561920166
52,mincut,1,32,True,0.2,200,0.01,0.1,,,0.01,5,1000,30,25,3,5200002,0.2489173356614949,0.446752540599729,18,9,0.5,-0.9019553661346436,1.4361391067504883
53,mincut,1,32,True,0.2,200,0.01,0.5,,,0.01,5,1000,30,25,1,5300000,0.852125,0.962239963903573,18,14,0.7777777777777778,-0.7396405935287476,1.4679877758026123
53,mincut,1,32,True,0.2,200,0.01,0.5,,,0.01,5,1000,30,25,2,5300001,0.924470588235294,0.9814256603600148,18,18,1.0,-0.852078914642334,1.432075023651123
53,mincut,1,32,True,0.2,200,0.01,0.5,,,0.01,5,1000,30,25,3,5300002,0.9604450000000001,0.9891169183600463,18,18,1.0,-0.8501046895980835,1.4629089832305908
54,mincut,1,32,True,0.2,200,0.01,1.0,,,0.01,5,1000,30,25,1,5400000,0.9603119565217392,0.9892816674738729,18,18,1.0,-0.779941737651825,1.45249605178833
54,mincut,1,32,True,0.2,200,0.01,1.0,,,0.01,5,1000,30,25,2,5400001,1.0,1.0,18,18,1.0,-0.8279343843460083,1.5030698776245117
54,mincut,1,32,True,0.2,200,0.01,1.0,,,0.01,5,1000,30,25,3,5400002,0.966086956521739,0.9915465242539234,18,17,0.9444444444444444,-0.7826395034790039,1.4519500732421875
55,mincut,1,32,True,0.2,500,0.005,0.1,,,0.01,5,1000,30,25,1,5500000,0.5259192457692161,0.7676013349846935,18,11,0.6111111111111112,-0.9155805706977844,3.637871742248535
55,mincut,1,32,True,0.2,500,0.005,0.1,,,0.01,5,1000,30,25,2,5500001,0.8871883712738408,0.9543982749523171,18,17,0.9444444444444444,-0.9590780138969421,3.6070361137390137
55,mincut,1,32,True,0.2,500,0.005,0.1,,,0.01,5,1000,30,25,3,5500002,0.145353340883352,0.2676750566996271,18,3,0.16666666666666666,-0.8868221640586853,3.5996992588043213
56,mincut,1,32,True,0.2,500,0.005,0.5,,,0.01,5,1000,30,25,1,5600000,1.0,1.0,18,18,1.0,-0.8850758075714111,3.5660409927368164
56,mincut,1,32,True,0.2,500,0.005,0.5,,,0.01,5,1000,30,25,2,5600001,0.9515048101265823,0.9865939814741747,18,18,1.0,-0.849324643611908,3.614607810974121
56,mincut,1,32,True,0.2,500,0.005,0.5,,,0.01,5,1000,30,25,3,5600002,1.0,1.0,18,18,1.0,-0.9080648422241211,3.5669660568237305
57,mincut,1,32,True,0.2,500,0.005,1.0,,,0.01,5,1000,30,25,1,5700000,0.9345470229117289,0.9818563050286301,18,18,1.0,-0.7793585658073425,3.575627088546753
57,mincut,1,32,True,0.2,500,0.005,1.0,,,0.01,5,1000,30,25,2,5700001,1.0,1.0,18,18,1.0,-0.8391171097755432,3.5427000522613525
57,mincut,1,32,True,0.2,500,0.005,1.0,,,0.01,5,1000,30,25,3,5700002,1.0,1.0,18,18,1.0,-0.8407857418060303,3.574704885482788
58,mincut,1,32,True,0.2,500,0.01,0.1,,,0.01,5,1000,30,25,1,5800000,0.12896898395721929,0.15729017485299462,18,2,0.1111111111111111,-0.8805957436561584,3.547529935836792
58,mincut,1,32,True,0.2,500,0.01,0.1,,,0.01,5,1000,30,25,2,5800001,0.23831987729501075,0.5050965735087241,18,7,0.3888888888888889,-0.8821185827255249,3.579132318496704
58,mincut,1,32,True,0.2,500,0.01,0.1,,,0.01,5,1000,30,25,3,5800002,0.38374812253934487,0.6972444276106363,18,10,0.5555555555555556,-0.8929609060287476,3.5613372325897217
59,mincut,1,32,True,0.2,500,0.01,0.5,,,0.01,5,1000,30,25,1,5900000,0.918845,0.98006427421247,18,18,1.0,-0.8564680814743042,3.5799949169158936
59,mincut,1,32,True,0.2,500,0.01,0.5,,,0.01,5,1000,30,25,2,5900001,1.0,1.0,18,18,1.0,-0.9080576300621033,3.6654741764068604
59,mincut,1,32,True,0.2,500,0.01,0.5,,,0.01,5,1000,30,25,3,5900002,1.0,1.0,18,18,1.0,-0.9095255732536316,3.6248579025268555
60,mincut,1,32,True,0.2,500,0.01,1.0,,,0.01,5,1000,30,25,1,6000000,1.0,1.0,18,18,1.0,-0.8236910104751587,3.4738550186157227
60,mincut,1,32,True,0.2,500,0.01,1.0,,,0.01,5,1000,30,25,2,6000001,0.9380132132132133,0.9836371611971579,18,18,1.0,-0.7319126725196838,3.5715487003326416
60,mincut,1,32,True,0.2,500,0.01,1.0,,,0.01,5,1000,30,25,3,6000002,1.0,1.0,18,18,1.0,-0.8423128128051758,3.537914991378784
61,mincut,1,32,True,0.5,200,0.005,0.1,,,0.01,5,1000,30,25,1,6100000,0.2616875374276399,0.41559581409464125,18,5,0.2777777777777778,-0.8864402770996094,1.4333980083465576
61,mincut,1,32,True,0.5,200,0.005,0.1,,,0.01,5,1000,30,25,2,6100001,0.12950142772792808,0.2270874214320127,18,2,0.1111111111111111,-0.8763014078140259,1.401012897491455
61,mincut,1,32,True,0.5,200,0.005,0.1,,,0.01,5,1000,30,25,3,6100002,0.24877281616688393,0.43739092036378785,18,4,0.2222222222222222,-0.8880116939544678,1.4346816539764404
62,mincut,1,32,True,0.5,200,0.005,0.5,,,0.01,5,1000,30,25,1,6200000,0.8449729071060974,0.9603159871113256,18,14,0.7777777777777778,-0.723717212677002,1.5562140941619873
62,mincut,1,32,True,0.5,200,0.005,0.5,,,0.01,5,1000,30,25,2,6200001,0.8308075687753107,0.956158379035563,18,14,0.7777777777777778,-0.7116382122039795,1.473747968673706
62,mincut,1,32,True,0.5,200,0.005,0.5,,,0.01,5,1000,30,25,3,6200002,0.9275934500282326,0.9818229565254362,18,16,0.8888888888888888,-0.7826029658317566,1.44126296043396
63,mincut,1,32,True,0.5,200,0.005,1.0,,,0.01,5,1000,30,25,1,6300000,0.9200069565217391,0.9800862628243239,18,18,1.0,-0.7403243780136108,1.5004949569702148
63,mincut,1,32,True,0.5,200,0.005,1.0,,,0.01,5,1000,30,25,2,6300001,0.9299905882352941,0.9819675853928502,18,18,1.0,-0.7367973923683167,1.4615521430969238
63,mincut,1,32,True,0.5,200,0.005,1.0,,,0.01,5,1000,30,25,3,6300002,0.8802180676328503,0.9703384872367896,18,17,0.9444444444444444,-0.7013344764709473,1.4779469966888428
64,mincut,1,32,True,0.5,200,0.01,0.1,,,0.01,5,1000,30,25,1,6400000,0.2771739130434782,0.4202689831236308,18,4,0.2222222222222222,-0.8883893489837646,1.4393749237060547
64,mincut,1,32,True,0.5,200,0.01,0.1,,,0.01,5,1000,30,25,2,6400001,0.13742663219133805,0.3439655698377722,18,2,0.1111111111111111,-0.8735128045082092,1.5184168815612793
64,mincut,1,32,True,0.5,200,0.01,0.1,,,0.01,5,1000,30,25,3,6400002,0.17032748255825625,0.3129474044064347,18,3,0.16666666666666666,-0.8835041522979736,1.4276888370513916
65,mincut,1,32,True,0.5,200,0.01,0.5,,,0.01,5,1000,30,25,1,6500000,0.8843972385783276,0.9707002847501824,18,15,0.8333333333333334,-0.7479669451713562,1.4647769927978516
65,mincut,1,32,True,0.5,200,0.01,0.5,,,0.01,5,1000,30,25,2,6500001,0.8502323017560437,0.9616936305381538,18,14,0.7777777777777778,-0.7273662686347961,1.4303407669067383
65,mincut,1,32,True,0.5,200,0.01,0.5,,,0.01,5,1000,30,25,3,6500002,0.8503551635489823,0.9617172462903744,18,14,0.7777777777777778,-0.730699360370636,1.4755890369415283
66,mincut,1,32,True,0.5,200,0.01,1.0,,,0.01,5,1000,30,25,1,6600000,0.884136956521739,0.9695643984549809,18,17,0.9444444444444444,-0.6833534240722656,1.4442601203918457
66,mincut,1,32,True,0.5,200,0.01,1.0,,,0.01,5,1000,30,25,2,6600001,0.921175845410628,0.980614867703872,18,18,1.0,-0.7541958093643188,1.5487968921661377
66,mincut,1,32,True,0.5,200,0.01,1.0,,,0.01,5,1000,30,25,3,6600002,0.968125,0.9920880250163735,18,17,0.9444444444444444,-0.7485201358795166,1.4883301258087158
67,mincut,1,32,True,0.5,500,0.005,0.1,,,0.01,5,1000,30,25,1,6700000,0.23721559074299642,0.3475950832550637,18,3,0.16666666666666666,-0.8841859102249146,3.553372859954834
67,mincut,1,32,True,0.5,500,0.005,0.1,,,0.01,5,1000,30,25,2,6700001,0.21685612499363827,0.3677627732326762,18,3,0.16666666666666666,-0.8843226432800293,3.5218019485473633
67,mincut,1,32,True,0.5,500,0.005,0.1,,,0.01,5,1000,30,25,3,6700002,0.12030580357142841,0.21183000043630887,18,2,0.1111111111111111,-0.8811395168304443,3.537243127822876
68,mincut,1,32,True,0.5,500,0.005,0.5,,,0.01,5,1000,30,25,1,6800000,0.8527581893984515,0.9623612870710931,18,14,0.7777777777777778,-0.7356842160224915,3.5346388816833496
68,mincut,1,32,True,0.5,500,0.005,0.5,,,0.01,5,1000,30,25,2,6800001,0.8440990680057607,0.9600744450931251,18,14,0.7777777777777778,-0.7259292006492615,3.5382049083709717
68,mincut,1,32,True,0.5,500,0.005,0.5,,,0.01,5,1000,30,25,3,6800002,0.8504087918080899,0.9617275199394105,18,14,0.7777777777777778,-0.7324612140655518,3.5180070400238037
69,mincut,1,32,True,0.5,500,0.005,1.0,,,0.01,5,1000,30,25,1,6900000,0.9664705882352942,0.9916504969663741,18,17,0.9444444444444444,-0.7423959374427795,3.539897918701172
69,mincut,1,32,True,0.5,500,0.005,1.0,,,0.01,5,1000,30,25,2,6900001,0.9137799373040753,0.9743842881278459,18,18,1.0,-0.7756205797195435,3.584568977355957
69,mincut,1,32,True,0.5,500,0.005,1.0,,,0.01,5,1000,30,25,3,6900002,1.0,1.0,18,18,1.0,-0.8159149289131165,3.5107040405273438
70,mincut,1,32,True,0.5,500,0.01,0.1,,,0.01,5,1000,30,25,1,7000000,0.19795746634026906,0.3516226418222878,18,3,0.16666666666666666,-0.8851723074913025,3.4983749389648438
70,mincut,1,32,True,0.5,500,0.01,0.1,,,0.01,5,1000,30,25,2,7000001,0.14175244299674264,0.17861859504003808,18,2,0.1111111111111111,-0.8794539570808411,3.514063835144043
70,mincut,1,32,True,0.5,500,0.01,0.1,,,0.01,5,1000,30,25,3,7000002,0.23817894623475763,0.44236202767075544,18,5,0.2777777777777778,-0.8927938342094421,3.511122941970825
71,mincut,1,32,True,0.5,500,0.01,0.5,,,0.01,5,1000,30,25,1,7100000,0.7571253666241847,0.9358651497558285,18,12,0.6666666666666666,-0.6850639581680298,3.5506999492645264
71,mincut,1,32,True,0.5,500,0.01,0.5,,,0.01,5,1000,30,25,2,7100001,1.0,1.0,18,18,1.0,-0.8821130990982056,3.578579902648926
71,mincut,1,32,True,0.5,500,0.01,0.5,,,0.01,5,1000,30,25,3,7100002,0.8452682070272431,0.9604096063046544,18,14,0.7777777777777778,-0.7247833013534546,3.5958149433135986
72,mincut,1,32,True,0.5,500,0.01,1.0,,,0.01,5,1000,30,25,1,7200000,0.9387202380952381,0.984182771042337,18,18,1.0,-0.7809601426124573,3.5570228099823
72,mincut,1,32,True,0.5,500,0.01,1.0,,,0.01,5,1000,30,25,2,7200001,1.0,1.0,18,18,1.0,-0.8179377317428589,3.5793941020965576
72,mincut,1,32,True,0.5,500,0.01,1.0,,,0.01,5,1000,30,25,3,7200002,0.9643243243243244,0.9910550518703561,18,17,0.9444444444444444,-0.755161464214325,3.569127082824707
73,diffpool,1,32,False,0.0,200,0.005,,1.0,0.1,0.01,5,1000,30,25,1,7300000,0.6347999424493156,0.8884878898128877,18,11,0.6111111111111112,0.0012126408983021975,1.074394941329956
73,diffpool,1,32,False,0.0,200,0.005,,1.0,0.1,0.01,5,1000,30,25,2,7300001,0.7764550493466779,0.9356923508960284,18,13,0.7222222222222222,0.0011980425333604217,1.1108660697937012
73,diffpool,1,32,False,0.0,200,0.005,,1.0,0.1,0.01,5,1000,30,25,3,7300002,0.5740890722587282,0.8620901478472371,18,10,0.5555555555555556,0.0011465026764199138,1.067491054534912
74,diffpool,1,32,False,0.0,200,0.005,,1.0,0.5,0.01,5,1000,30,25,1,7400000,0.58321629148034,0.8591816665966332,18,10,0.5555555555555556,0.0011221000459045172,1.1106460094451904
74,diffpool,1,32,False,0.0,200,0.005,,1.0,0.5,0.01,5,1000,30,25,2,7400001,0.6788630418387297,0.9069486101379342,18,11,0.6111111111111112,0.0012333429185673594,1.2214150428771973
74,diffpool,1,32,False,0.0,200,0.005,,1.0,0.5,0.01,5,1000,30,25,3,7400002,0.6892763257799039,0.9086063228965116,18,12,0.6666666666666666,0.0012071068631485105,1.0956761837005615
75,diffpool,1,32,False,0.0,200,0.005,,1.0,1.0,0.01,5,1000,30,25,1,7500000,0.49839496230511354,0.8312052866773302,18,8,0.4444444444444444,0.001290484913624823,1.0694890022277832
75,diffpool,1,32,False,0.0,200,0.005,,1.0,1.0,0.01,5,1000,30,25,2,7500001,0.6434213303353093,0.8908359570576606,18,11,0.6111111111111112,0.001410796889103949,1.1004791259765625
75,diffpool,1,32,False,0.0,200,0.005,,1.0,1.0,0.01,5,1000,30,25,3,7500002,0.6299253546649661,0.8678382832427353,18,11,0.6111111111111112,0.001358530018478632,1.0709898471832275
76,diffpool,1,32,False,0.0,200,0.01,,1.0,0.1,0.01,5,1000,30,25,1,7600000,0.582439840978067,0.8759666648562382,18,10,0.5555555555555556,0.0010444843210279942,1.1057240962982178
76,diffpool,1,32,False,0.0,200,0.01,,1.0,0.1,0.01,5,1000,30,25,2,7600001,0.7056926203654575,0.9185852759516506,18,12,0.6666666666666666,0.0011337981559336185,1.07100510597229
76,diffpool,1,32,False,0.0,200,0.01,,1.0,0.1,0.01,5,1000,30,25,3,7600002,0.5695547170485832,0.8653709746761069,18,10,0.5555555555555556,0.0010638055391609669,1.1048967838287354
77,diffpool,1,32,False,0.0,200,0.01,,1.0,0.5,0.01,5,1000,30,25,1,7700000,0.8384837816285183,0.953988302880865,18,14,0.7777777777777778,0.0010841566836461425,1.068739891052246
77,diffpool,1,32,False,0.0,200,0.01,,1.0,0.5,0.01,5,1000,30,25,2,7700001,0.7483827433142154,0.9226432583594796,18,13,0.7222222222222222,0.00101028336212039,1.0925719738006592
77,diffpool,1,32,False,0.0,200,0.01,,1.0,0.5,0.01,5,1000,30,25,3,7700002,0.6756012484424339,0.9066009751706872,18,12,0.6666666666666666,0.000991019420325756,1.065310001373291
78,diffpool,1,32,False,0.0,200,0.01,,1.0,1.0,0.01,5,1000,30,25,1,7800000,0.4886900482342535,0.8114613662059796,18,8,0.4444444444444444,0.000572953256778419,1.0921149253845215
78,diffpool,1,32,False,0.0,200,0.01,,1.0,1.0,0.01,5,1000,30,25,2,7800001,0.6269692976717547,0.8662295442099199,18,10,0.5555555555555556,0.0007448373944498599,1.0728998184204102
78,diffpool,1,32,False,0.0,200,0.01,,1.0,1.0,0.01,5,1000,30,25,3,7800002,0.6890194280284642,0.9091499580869022,18,12,0.6666666666666666,0.0008350050775334239,1.1275930404663086
79,diffpool,1,32,False,0.0,500,0.005,,1.0,0.1,0.01,5,1000,30,25,1,7900000,0.5222862126720027,0.8530291088410388,18,9,0.5,0.000996616668999195,2.6944849491119385
79,diffpool,1,32,False,0.0,500,0.005,,1.0,0.1,0.01,5,1000,30,25,2,7900001,0.5540613363553,0.8563748641129879,18,9,0.5,0.0010325200855731964,2.6463379859924316
79,diffpool,1,32,False,0.0,500,0.005,,1.0,0.1,0.01,5,1000,30,25,3,7900002,0.5102893620249003,0.8432221828724096,18,9,0.5,0.0010348064824938774,2.6747360229492188
80,diffpool,1,32,False,0.0,500,0.005,,1.0,0.5,0.01,5,1000,30,25,1,8000000,0.6765709203299757,0.8943976921619821,18,12,0.6666666666666666,0.0012604155344888568,2.6482129096984863
80,diffpool,1,32,False,0.0,500,0.005,,1.0,0.5,0.01,5,1000,30,25,2,8000001,0.663237743575664,0.8884573093079982,18,11,0.6111111111111112,0.0011962240096181631,2.669405937194824
80,diffpool,1,32,False,0.0,500,0.005,,1.0,0.5,0.01,5,1000,30,25,3,8000002,0.6266115204040609,0.882693749627102,18,10,0.5555555555555556,0.0012025866890326142,2.6380999088287354
81,diffpool,1,32,False,0.0,500,0.005,,1.0,1.0,0.01,5,1000,30,25,1,8100000,0.5131600837915617,0.828464786493763,18,8,0.4444444444444444,0.0011632265523076057,2.666863203048706
81,diffpool,1,32,False,0.0,500,0.005,,1.0,1.0,0.01,5,1000,30,25,2,8100001,0.6578409273599114,0.8856653528895475,18,11,0.6111111111111112,0.0012961330357939005,2.628633975982666
81,diffpool,1,32,False,0.0,500,0.005,,1.0,1.0,0.01,5,1000,30,25,3,8100002,0.4965870320567632,0.8075227375237507,18,8,0.4444444444444444,0.0011733545688912272,2.6688220500946045
82,diffpool,1,32,False,0.0,500,0.01,,1.0,0.1,0.01,5,1000,30,25,1,8200000,0.5570058648466193,0.8552016977918324,18,9,0.5,0.0009649131679907441,2.6341018676757812
82,diffpool,1,32,False,0.0,500,0.01,,1.0,0.1,0.01,5,1000,30,25,2,8200001,0.615455117029336,0.8514739394988988,18,10,0.5555555555555556,0.0010570869781076908,2.658444881439209
82,diffpool,1,32,False,0.0,500,0.01,,1.0,0.1,0.01,5,1000,30,25,3,8200002,0.4978219663740337,0.8201234462816357,18,8,0.4444444444444444,0.0009624097729101777,2.631078004837036
83,diffpool,1,32,False,0.0,500,0.01,,1.0,0.5,0.01,5,1000,30,25,1,8300000,0.6319477360495129,0.8806095429091179,18,11,0.6111111111111112,0.0011506821028888226,2.6606900691986084
83,diffpool,1,32,False,0.0,500,0.01,,1.0,0.5,0.01,5,1000,30,25,2,8300001,0.6802814460488881,0.9127170134967143,18,12,0.6666666666666666,0.0011354794260114431,2.640033006668091
83,diffpool,1,32,False,0.0,500,0.01,,1.0,0.5,0.01,5,1000,30,25,3,8300002,0.663821063180881,0.8833209007762207,18,11,0.6111111111111112,0.001122383982874453,2.664180040359497
84,diffpool,1,32,False,0.0,500,0.01,,1.0,1.0,0.01,5,1000,30,25,1,8400000,0.6700462300854655,0.9088121425916154,18,12,0.6666666666666666,0.0012035333784297109,2.6298418045043945
84,diffpool,1,32,False,0.0,500,0.01,,1.0,1.0,0.01,5,1000,30,25,2,8400001,0.6522757790664948,0.8990100839647952,18,11,0.6111111111111112,0.0011819940991699696,2.6610610485076904
84,diffpool,1,32,False,0.0,500,0.01,,1.0,1.0,0.01,5,1000,30,25,3,8400002,0.6385824524126316,0.8764016688520614,18,11,0.6111111111111112,0.0011439142981544137,2.6274218559265137
85,diffpool,1,32,False,0.2,200,0.005,,1.0,0.1,0.01,5,1000,30,25,1,8500000,0.661893251131564,0.896888472223897,18,11,0.6111111111111112,0.0014779955381527543,1.084650993347168
85,diffpool,1,32,False,0.2,200,0.005,,1.0,0.1,0.01,5,1000,30,25,2,8500001,0.6074281581331764,0.8698824919095454,18,10,0.5555555555555556,0.0014584772288799286,1.1216137409210205
85,diffpool,1,32,False,0.2,200,0.005,,1.0,0.1,0.01,5,1000,30,25,3,8500002,0.5860251869066684,0.8670244195563213,18,9,0.5,0.0013245361624285579,1.0919890403747559
86,diffpool,1,32,False,0.2,200,0.005,,1.0,0.5,0.01,5,1000,30,25,1,8600000,0.5143489920558387,0.8140288151827282,18,8,0.4444444444444444,0.0018258999334648252,1.1147959232330322
86,diffpool,1,32,False,0.2,200,0.005,,1.0,0.5,0.01,5,1000,30,25,2,8600001,0.5519098387921105,0.8532465675179124,18,10,0.5555555555555556,0.0022545442916452885,1.0935370922088623
86,diffpool,1,32,False,0.2,200,0.005,,1.0,0.5,0.01,5,1000,30,25,3,8600002,0.7827050815473038,0.9422646553404679,18,13,0.7222222222222222,0.0017289493698626757,1.1207592487335205
87,diffpool,1,32,False,0.2,200,0.005,,1.0,1.0,0.01,5,1000,30,25,1,8700000,0.6694041842174197,0.8948325512823411,18,11,0.6111111111111112,0.0031120995990931988,1.103978157043457
87,diffpool,1,32,False,0.2,200,0.005,,1.0,1.0,0.01,5,1000,30,25,2,8700001,0.6473419883803991,0.8705231754673473,18,11,0.6111111111111112,0.0021691005676984787,1.1380491256713867
87,diffpool,1,32,False,0.2,200,0.005,,1.0,1.0,0.01,5,1000,30,25,3,8700002,0.5872066095205692,0.8481138764470134,18,10,0.5555555555555556,0.002166801132261753,1.0933890342712402
88,diffpool,1,32,False,0.2,200,0.01,,1.0,0.1,0.01,5,1000,30,25,1,8800000,0.5595368328338902,0.8563956438440271,18,9,0.5,0.0011293019633740187,1.1248400211334229
88,diffpool,1,32,False,0.2,200,0.01,,1.0,0.1,0.01,5,1000,30,25,2,8800001,0.6670419841957005,0.8854495116001361,18,11,0.6111111111111112,0.0014171770308166742,1.091066837310791
88,diffpool,1,32,False,0.2,200,0.01,,1.0,0.1,0.01,5,1000,30,25,3,8800002,0.6110555160801054,0.8614942032781425,18,10,0.5555555555555556,0.001283676945604384,1.133789300918579
89,diffpool,1,32,False,0.2,200,0.01,,1.0,0.5,0.01,5,1000,30,25,1,8900000,0.5506277608399357,0.8332366367202534,18,10,0.5555555555555556,0.0016811485402286053,1.094383955001831
89,diffpool,1,32,False,0.2,200,0.01,,1.0,0.5,0.01,5,1000,30,25,2,8900001,0.6770647006347776,0.9059289780109817,18,12,0.6666666666666666,0.0012917376589030027,1.347606897354126
89,diffpool,1,32,False,0.2,200,0.01,,1.0,0.5,0.01,5,1000,30,25,3,8900002,0.7188813017033567,0.92308875792028,18,13,0.7222222222222222,0.0013998693320900202,1.133336067199707
90,diffpool,1,32,False,0.2,200,0.01,,1.0,1.0,0.01,5,1000,30,25,1,9000000,0.6431467863153666,0.889894251071108,18,11,0.6111111111111112,0.0014939492102712393,1.1339819431304932
90,diffpool,1,32,False,0.2,200,0.01,,1.0,1.0,0.01,5,1000,30,25,2,9000001,0.5664984042640578,0.866178300113915,18,10,0.5555555555555556,0.001137102721258998,1.1005451679229736
90,diffpool,1,32,False,0.2,200,0.01,,1.0,1.0,0.01,5,1000,30,25,3,9000002,0.5951072159088222,0.8662664138795582,18,10,0.5555555555555556,0.0011247649090364575,1.1321971416473389
91,diffpool,1,32,False,0.2,500,0.005,,1.0,0.1,0.01,5,1000,30,25,1,9100000,0.5845060714348896,0.856016691732142,18,10,0.5555555555555556,0.0012609472032636404,2.7616000175476074
91,diffpool,1,32,False,0.2,500,0.005,,1.0,0.1,0.01,5,1000,30,25,2,9100001,0.6082340329080009,0.8651874656781219,18,10,0.5555555555555556,0.001256892690435052,2.765134811401367
91,diffpool,1,32,False,0.2,500,0.005,,1.0,0.1,0.01,5,1000,30,25,3,9100002,0.5434422946048856,0.8461414315775155,18,10,0.5555555555555556,0.001216515083797276,2.729832172393799
92,diffpool,1,32,False,0.2,500,0.005,,1.0,0.5,0.01,5,1000,30,25,1,9200000,0.7077444322157701,0.9169990453877123,18,12,0.6666666666666666,0.002149254083633423,2.7090160846710205
92,diffpool,1,32,False,0.2,500,0.005,,1.0,0.5,0.01,5,1000,30,25,2,9200001,0.47156822902106116,0.8204129223722562,18,8,0.4444444444444444,0.0013154700864106417,2.7270050048828125
92,diffpool,1,32,False,0.2,500,0.005,,1.0,0.5,0.01,5,1000,30,25,3,9200002,0.6449135083042488,0.8959096833530856,18,12,0.6666666666666666,0.001735569559969008,2.704540967941284
93,diffpool,1,32,False,0.2,500,0.005,,1.0,1.0,0.01,5,1000,30,25,1,9300000,0.6362258220998027,0.8796867402634907,18,11,0.6111111111111112,0.0015434249071404338,2.7669827938079834
93,diffpool,1,32,False,0.2,500,0.005,,1.0,1.0,0.01,5,1000,30,25,2,9300001,0.5454064915358038,0.8536903003346036,18,9,0.5,0.001430290169082582,2.727077007293701
93,diffpool,1,32,False,0.2,500,0.005,,1.0,1.0,0.01,5,1000,30,25,3,9300002,0.5287822913545724,0.8474793297863777,18,9,0.5,0.002094569383189082,2.821333169937134
94,diffpool,1,32,False,0.2,500,0.01,,1.0,0.1,0.01,5,1000,30,25,1,9400000,0.4985205112215489,0.8312582600444987,18,9,0.5,0.0011255447752773762,2.7278778553009033
94,diffpool,1,32,False,0.2,500,0.01,,1.0,0.1,0.01,5,1000,30,25,2,9400001,0.5563866282222363,0.8615196156075945,18,10,0.5555555555555556,0.0012985436478629708,2.7741570472717285
94,diffpool,1,32,False,0.2,500,0.01,,1.0,0.1,0.01,5,1000,30,25,3,9400002,0.6772959547358104,0.9030728720278609,18,11,0.6111111111111112,0.001286995247937739,2.724717140197754
95,diffpool,1,32,False,0.2,500,0.01,,1.0,0.5,0.01,5,1000,30,25,1,9500000,0.44294809817596514,0.782851104456816,18,8,0.4444444444444444,0.0014203374739736319,2.744426965713501
95,diffpool,1,32,False,0.2,500,0.01,,1.0,0.5,0.01,5,1000,30,25,2,9500001,0.6755094316412297,0.894193973144409,18,11,0.6111111111111112,0.0014610906364396214,2.696822166442871
95,diffpool,1,32,False,0.2,500,0.01,,1.0,0.5,0.01,5,1000,30,25,3,9500002,0.5623858673929986,0.8211420690845214,18,9,0.5,0.001434262958355248,2.7304720878601074
96,diffpool,1,32,False,0.2,500,0.01,,1.0,1.0,0.01,5,1000,30,25,1,9600000,0.7704951869256802,0.9322957204743143,18,14,0.7777777777777778,0.0014594433596357703,2.7040598392486572
96,diffpool,1,32,False,0.2,500,0.01,,1.0,1.0,0.01,5,1000,30,25,2,9600001,0.5611256112467815,0.8451302917778133,18,9,0.5,0.0016029260586947203,2.7319960594177246
96,diffpool,1,32,False,0.2,500,0.01,,1.0,1.0,0.01,5,1000,30,25,3,9600002,0.669114729020979,0.8793684603817947,18,11,0.6111111111111112,0.0016411208780482411,2.7015321254730225
97,diffpool,1,32,False,0.5,200,0.005,,1.0,0.1,0.01,5,1000,30,25,1,9700000,0.6553617489180229,0.8863372180190113,18,11,0.6111111111111112,0.002759345341473818,1.146894931793213
97,diffpool,1,32,False,0.5,200,0.005,,1.0,0.1,0.01,5,1000,30,25,2,9700001,0.4529103623269021,0.7786398639549713,18,8,0.4444444444444444,0.0023584309965372086,1.1273338794708252
97,diffpool,1,32,False,0.5,200,0.005,,1.0,0.1,0.01,5,1000,30,25,3,9700002,0.6261349048685784,0.8792682621989243,18,10,0.5555555555555556,0.003077095141634345,1.0966079235076904
98,diffpool,1,32,False,0.5,200,0.005,,1.0,0.5,0.01,5,1000,30,25,1,9800000,0.6933010337003931,0.9111251192541547,18,12,0.6666666666666666,0.00602526031434536,1.129011869430542
98,diffpool,1,32,False,0.5,200,0.005,,1.0,0.5,0.01,5,1000,30,25,2,9800001,0.6501575946613983,0.8745792441729865,18,11,0.6111111111111112,0.0038313232362270355,1.1476800441741943
98,diffpool,1,32,False,0.5,200,0.005,,1.0,0.5,0.01,5,1000,30,25,3,9800002,0.7020049692145663,0.897671714819668,18,12,0.6666666666666666,0.0055422610603272915,1.1277740001678467
99,diffpool,1,32,False,0.5,200,0.005,,1.0,1.0,0.01,5,1000,30,25,1,9900000,0.5785179883570765,0.844959002503426,18,10,0.5555555555555556,0.007933991961181164,1.0967371463775635
99,diffpool,1,32,False,0.5,200,0.005,,1.0,1.0,0.01,5,1000,30,25,2,9900001,0.5421778842586328,0.8274459473254171,18,10,0.5555555555555556,0.006674578413367271,1.1219820976257324
99,diffpool,1,32,False,0.5,200,0.005,,1.0,1.0,0.01,5,1000,30,25,3,9900002,0.604582644957038,0.8767577610869509,18,10,0.5555555555555556,0.013178108260035515,1.219465970993042
100,diffpool,1,32,False,0.5,200,0.01,,1.0,0.1,0.01,5,1000,30,25,1,10000000,0.5615109365040074,0.8565435574850321,18,10,0.5555555555555556,0.0020848067943006754,1.125246286392212
100,diffpool,1,32,False,0.5,200,0.01,,1.0,0.1,0.01,5,1000,30,25,2,10000001,0.7070106525670972,0.9025056664536265,18,12,0.6666666666666666,0.002781705465167761,1.097296953201294
100,diffpool,1,32,False,0.5,200,0.01,,1.0,0.1,0.01,5,1000,30,25,3,10000002,0.5484564910744686,0.8041150582139241,18,10,0.5555555555555556,0.0019699577242136,1.1394388675689697
101,diffpool,1,32,False,0.5,200,0.01,,1.0,0.5,0.01,5,1000,30,25,1,10100000,0.36108466112965776,0.7274989549931264,18,7,0.3888888888888889,0.0018211354035884142,1.1100590229034424
101,diffpool,1,32,False,0.5,200,0.01,,1.0,0.5,0.01,5,1000,30,25,2,10100001,0.3725923198305372,0.7352639507202757,18,6,0.3333333333333333,0.0033804026897996664,1.1307060718536377
101,diffpool,1,32,False,0.5,200,0.01,,1.0,0.5,0.01,5,1000,30,25,3,10100002,0.5008936238902341,0.7879803408691742,18,9,0.5,0.00284496508538723,1.120999813079834
102,diffpool,1,32,False,0.5,200,0.01,,1.0,1.0,0.01,5,1000,30,25,1,10200000,0.7546067259138249,0.9331422721491843,18,13,0.7222222222222222,0.005586988292634487,1.1306476593017578
102,diffpool,1,32,False,0.5,200,0.01,,1.0,1.0,0.01,5,1000,30,25,2,10200001,0.5769881691582607,0.8400059248355508,18,10,0.5555555555555556,0.003465167712420225,1.138192892074585
102,diffpool,1,32,False,0.5,200,0.01,,1.0,1.0,0.01,5,1000,30,25,3,10200002,0.49091809877567455,0.807217862589361,18,9,0.5,0.006403142586350441,1.162438154220581
103,diffpool,1,32,False,0.5,500,0.005,,1.0,0.1,0.01,5,1000,30,25,1,10300000,0.6618556454602126,0.8866083610544812,18,10,0.5555555555555556,0.0025787961203604937,2.766752004623413
103,diffpool,1,32,False,0.5,500,0.005,,1.0,0.1,0.01,5,1000,30,25,2,10300001,0.5296818469360332,0.8234340271259452,18,8,0.4444444444444444,0.0019102136138826609,2.701418876647949
103,diffpool,1,32,False,0.5,500,0.005,,1.0,0.1,0.01,5,1000,30,25,3,10300002,0.636684053043631,0.8836987110602337,18,11,0.6111111111111112,0.002200864488258958,2.7324581146240234
104,diffpool,1,32,False,0.5,500,0.005,,1.0,0.5,0.01,5,1000,30,25,1,10400000,0.547840934687037,0.8473313697766754,18,9,0.5,0.003312471555545926,2.714282989501953
104,diffpool,1,32,False,0.5,500,0.005,,1.0,0.5,0.01,5,1000,30,25,2,10400001,0.4878743575812803,0.8205016641277557,18,9,0.5,0.002847776748239994,2.7348439693450928
104,diffpool,1,32,False,0.5,500,0.005,,1.0,0.5,0.01,5,1000,30,25,3,10400002,0.6822947583411075,0.9061347527391924,18,12,0.6666666666666666,0.0038932638708502054,2.872058868408203
105,diffpool,1,32,False,0.5,500,0.005,,1.0,1.0,0.01,5,1000,30,25,1,10500000,0.5351326244704698,0.8337186862499143,18,9,0.5,0.0018430514028295875,2.8062188625335693
105,diffpool,1,32,False,0.5,500,0.005,,1.0,1.0,0.01,5,1000,30,25,2,10500001,0.5715807714851646,0.8360498593092122,18,9,0.5,0.004211645107716322,2.7278170585632324
105,diffpool,1,32,False,0.5,500,0.005,,1.0,1.0,0.01,5,1000,30,25,3,10500002,0.4616077459248674,0.7938703733741062,18,8,0.4444444444444444,0.0038858249317854643,2.746084213256836
106,diffpool,1,32,False,0.5,500,0.01,,1.0,0.1,0.01,5,1000,30,25,1,10600000,0.6972651080803254,0.9022321096198046,18,12,0.6666666666666666,0.0020676981657743454,2.709713935852051
106,diffpool,1,32,False,0.5,500,0.01,,1.0,0.1,0.01,5,1000,30,25,2,10600001,0.6029288883692913,0.8556739800561244,18,10,0.5555555555555556,0.0023316824808716774,2.8075690269470215
106,diffpool,1,32,False,0.5,500,0.01,,1.0,0.1,0.01,5,1000,30,25,3,10600002,0.5870836244431471,0.8680371418802139,18,11,0.6111111111111112,0.001979006687179208,2.717539072036743
107,diffpool,1,32,False,0.5,500,0.01,,1.0,0.5,0.01,5,1000,30,25,1,10700000,0.5834435568770318,0.8601425914019952,18,9,0.5,0.0036717397160828114,2.75622296333313
107,diffpool,1,32,False,0.5,500,0.01,,1.0,0.5,0.01,5,1000,30,25,2,10700001,0.5974618052296845,0.8671475713700175,18,10,0.5555555555555556,0.002519643399864435,2.6880691051483154
107,diffpool,1,32,False,0.5,500,0.01,,1.0,0.5,0.01,5,1000,30,25,3,10700002,0.5297226080985182,0.8137738729121505,18,8,0.4444444444444444,0.002900363178923726,2.7343602180480957
108,diffpool,1,32,False,0.5,500,0.01,,1.0,1.0,0.01,5,1000,30,25,1,10800000,0.3526760165914269,0.7208932078143064,18,6,0.3333333333333333,0.0030499440617859364,2.7376508712768555
108,diffpool,1,32,False,0.5,500,0.01,,1.0,1.0,0.01,5,1000,30,25,2,10800001,0.7145974477376842,0.916685408757377,18,12,0.6666666666666666,0.0051420931704342365,2.8363571166992188
108,diffpool,1,32,False,0.5,500,0.01,,1.0,1.0,0.01,5,1000,30,25,3,10800002,0.49806367446358113,0.8189159886231957,18,8,0.4444444444444444,0.0030484653543680906,2.708562135696411
109,diffpool,1,32,True,0.0,200,0.005,,1.0,0.1,0.01,5,1000,30,25,1,10900000,0.5561208005278515,0.8152807683209611,18,9,0.5,0.0009460800793021917,1.0333409309387207
109,diffpool,1,32,True,0.0,200,0.005,,1.0,0.1,0.01,5,1000,30,25,2,10900001,0.7551426938764336,0.9288031982232148,18,13,0.7222222222222222,0.0009755488717928529,1.0883960723876953
109,diffpool,1,32,True,0.0,200,0.005,,1.0,0.1,0.01,5,1000,30,25,3,10900002,0.6738412944263168,0.8932232458603371,18,11,0.6111111111111112,0.0009348222520202398,1.0416979789733887
110,diffpool,1,32,True,0.0,200,0.005,,1.0,0.5,0.01,5,1000,30,25,1,11000000,0.6438222388141658,0.8851649217229429,18,11,0.6111111111111112,0.000830177974421531,1.0646181106567383
110,diffpool,1,32,True,0.0,200,0.005,,1.0,0.5,0.01,5,1000,30,25,2,11000001,0.8308735284499673,0.9518880468864083,18,14,0.7777777777777778,0.0008503975695930421,1.0408856868743896
110,diffpool,1,32,True,0.0,200,0.005,,1.0,0.5,0.01,5,1000,30,25,3,11000002,0.607978291867112,0.8740547532622513,18,10,0.5555555555555556,0.0007915585301816463,1.07663893699646
111,diffpool,1,32,True,0.0,200,0.005,,1.0,1.0,0.01,5,1000,30,25,1,11100000,0.6243845406113724,0.877906582787873,18,11,0.6111111111111112,0.0009955288842320442,1.041562795639038
111,diffpool,1,32,True,0.0,200,0.005,,1.0,1.0,0.01,5,1000,30,25,2,11100001,0.6899753182831603,0.9108860593778039,18,12,0.6666666666666666,0.0009193425066769123,1.073533058166504
111,diffpool,1,32,True,0.0,200,0.005,,1.0,1.0,0.01,5,1000,30,25,3,11100002,0.6340024658644732,0.8809776173027462,18,11,0.6111111111111112,0.0009535406716167927,1.0349771976470947
112,diffpool,1,32,True,0.0,200,0.01,,1.0,0.1,0.01,5,1000,30,25,1,11200000,0.6034598572184519,0.8642603550472687,18,11,0.6111111111111112,0.0009449480567127466,1.0695960521697998
112,diffpool,1,32,True,0.0,200,0.01,,1.0,0.1,0.01,5,1000,30,25,2,11200001,0.5659817598016366,0.8510193084296881,18,10,0.5555555555555556,0.0009254419128410518,1.0548179149627686
112,diffpool,1,32,True,0.0,200,0.01,,1.0,0.1,0.01,5,1000,30,25,3,11200002,0.5150465052234132,0.8020548967837474,18,9,0.5,0.0009366562590003014,1.0692980289459229
113,diffpool,1,32,True,0.0,200,0.01,,1.0,0.5,0.01,5,1000,30,25,1,11300000,0.49625804766444614,0.7987909758919217,18,8,0.4444444444444444,0.000614803982898593,1.107956886291504
113,diffpool,1,32,True,0.0,200,0.01,,1.0,0.5,0.01,5,1000,30,25,2,11300001,0.7228299911634043,0.921007455394654,18,12,0.6666666666666666,0.0005826891865581274,1.0636959075927734
113,diffpool,1,32,True,0.0,200,0.01,,1.0,0.5,0.01,5,1000,30,25,3,11300002,0.6431188278293027,0.8858352565282526,18,11,0.6111111111111112,0.0006006341427564621,1.082679033279419
114,diffpool,1,32,True,0.0,200,0.01,,1.0,1.0,0.01,5,1000,30,25,1,11400000,0.6495162205095137,0.8828747227054414,18,11,0.6111111111111112,0.00048505462473258376,1.0797350406646729
114,diffpool,1,32,True,0.0,200,0.01,,1.0,1.0,0.01,5,1000,30,25,2,11400001,0.7268027538783033,0.9167558454517675,18,12,0.6666666666666666,0.0004397633601911366,1.0800321102142334
114,diffpool,1,32,True,0.0,200,0.01,,1.0,1.0,0.01,5,1000,30,25,3,11400002,0.6523045536332738,0.8850454296078041,18,11,0.6111111111111112,0.000466748489998281,1.047471046447754
115,diffpool,1,32,True,0.0,500,0.005,,1.0,0.1,0.01,5,1000,30,25,1,11500000,0.6728181843137414,0.9011083910081495,18,11,0.6111111111111112,0.000871636439114809,2.862128973007202
115,diffpool,1,32,True,0.0,500,0.005,,1.0,0.1,0.01,5,1000,30,25,2,11500001,0.5276504601655329,0.8471729581618136,18,9,0.5,0.0008499372052028775,2.693619966506958
115,diffpool,1,32,True,0.0,500,0.005,,1.0,0.1,0.01,5,1000,30,25,3,11500002,0.5176521853601402,0.8444576653421386,18,9,0.5,0.0008698545279912651,2.55501389503479
116,diffpool,1,32,True,0.0,500,0.005,,1.0,0.5,0.01,5,1000,30,25,1,11600000,0.7079800243329655,0.9105892237062743,18,13,0.7222222222222222,0.0009984441567212343,2.6355249881744385
116,diffpool,1,32,True,0.0,500,0.005,,1.0,0.5,0.01,5,1000,30,25,2,11600001,0.684010365238626,0.9020129130051848,18,12,0.6666666666666666,0.0009632310830056667,2.6119790077209473
116,diffpool,1,32,True,0.0,500,0.005,,1.0,0.5,0.01,5,1000,30,25,3,11600002,0.6394059542886059,0.8843738983916999,18,11,0.6111111111111112,0.0009549487149342895,2.5947701930999756
117,diffpool,1,32,True,0.0,500,0.005,,1.0,1.0,0.01,5,1000,30,25,1,11700000,0.5990577580314421,0.827586614678929,18,10,0.5555555555555556,0.00099606451112777,2.5767710208892822
117,diffpool,1,32,True,0.0,500,0.005,,1.0,1.0,0.01,5,1000,30,25,2,11700001,0.6304992193960273,0.886118463647636,18,11,0.6111111111111112,0.0009522205218672752,2.5877928733825684
117,diffpool,1,32,True,0.0,500,0.005,,1.0,1.0,0.01,5,1000,30,25,3,11700002,0.7359697412723729,0.9237976779520343,18,13,0.7222222222222222,0.0009975435677915812,2.6203677654266357
118,diffpool,1,32,True,0.0,500,0.01,,1.0,0.1,0.01,5,1000,30,25,1,11800000,0.5049274244199616,0.8281080490263556,18,9,0.5,0.0008555012755095959,2.6038830280303955
118,diffpool,1,32,True,0.0,500,0.01,,1.0,0.1,0.01,5,1000,30,25,2,11800001,0.6010713324296,0.8492814218307736,18,10,0.5555555555555556,0.0008852924220263958,2.5687758922576904
118,diffpool,1,32,True,0.0,500,0.01,,1.0,0.1,0.01,5,1000,30,25,3,11800002,0.5987611897483393,0.8581580262010255,18,10,0.5555555555555556,0.0008422708488069475,2.5925488471984863
119,diffpool,1,32,True,0.0,500,0.01,,1.0,0.5,0.01,5,1000,30,25,1,11900000,0.5314332739206648,0.8286017107648075,18,9,0.5,0.0008852183818817139,2.564812183380127
119,diffpool,1,32,True,0.0,500,0.01,,1.0,0.5,0.01,5,1000,30,25,2,11900001,0.6666457456203404,0.8906272627020089,18,11,0.6111111111111112,0.0008786490652710199,2.7203450202941895
119,diffpool,1,32,True,0.0,500,0.01,,1.0,0.5,0.01,5,1000,30,25,3,11900002,0.604992604080466,0.8691375208664472,18,10,0.5555555555555556,0.0008893381454981863,2.5935862064361572
120,diffpool,1,32,True,0.0,500,0.01,,1.0,1.0,0.01,5,1000,30,25,1,12000000,0.5470300453514738,0.8398325243888916,18,9,0.5,0.0008843507384881377,2.6069087982177734
120,diffpool,1,32,True,0.0,500,0.01,,1.0,1.0,0.01,5,1000,30,25,2,12000001,0.5822965816725822,0.8708008230350479,18,11,0.6111111111111112,0.0009166104719042778,2.5833041667938232
120,diffpool,1,32,True,0.0,500,0.01,,1.0,1.0,0.01,5,1000,30,25,3,12000002,0.6803848080781606,0.9119326105790118,18,12,0.6666666666666666,0.000888554728589952,2.6316568851470947
121,diffpool,1,32,True,0.2,200,0.005,,1.0,0.1,0.01,5,1000,30,25,1,12100000,0.6542555601130252,0.8921635818113988,18,11,0.6111111111111112,0.0012218812480568886,1.0647690296173096
121,diffpool,1,32,True,0.2,200,0.005,,1.0,0.1,0.01,5,1000,30,25,2,12100001,0.7411448159223464,0.9251902076705376,18,13,0.7222222222222222,0.0012658037012442946,1.0560250282287598
121,diffpool,1,32,True,0.2,200,0.005,,1.0,0.1,0.01,5,1000,30,25,3,12100002,0.5690903568761051,0.858755260039147,18,9,0.5,0.0010334746912121773,1.0996501445770264
122,diffpool,1,32,True,0.2,200,0.005,,1.0,0.5,0.01,5,1000,30,25,1,12200000,0.5474758238715542,0.8486809148559478,18,9,0.5,0.001273231115192175,1.0506591796875
122,diffpool,1,32,True,0.2,200,0.005,,1.0,0.5,0.01,5,1000,30,25,2,12200001,0.5804116781606924,0.8494191931747047,18,10,0.5555555555555556,0.001292587025091052,1.0800809860229492
122,diffpool,1,32,True,0.2,200,0.005,,1.0,0.5,0.01,5,1000,30,25,3,12200002,0.5338580050987025,0.8558106909566227,18,9,0.5,0.0013593335170298815,1.0518569946289062
123,diffpool,1,32,True,0.2,200,0.005,,1.0,1.0,0.01,5,1000,30,25,1,12300000,0.6488637119852457,0.8864026300908512,18,11,0.6111111111111112,0.001645282725803554,1.08198881149292
123,diffpool,1,32,True,0.2,200,0.005,,1.0,1.0,0.01,5,1000,30,25,2,12300001,0.5230330276702017,0.8382506533658238,18,9,0.5,0.0016161001985892653,1.0492360591888428
123,diffpool,1,32,True,0.2,200,0.005,,1.0,1.0,0.01,5,1000,30,25,3,12300002,0.5497679535785126,0.8438546049281832,18,9,0.5,0.0014008727157488465,1.2448570728302002
124,diffpool,1,32,True,0.2,200,0.01,,1.0,0.1,0.01,5,1000,30,25,1,12400000,0.6142672983060579,0.8604761012280598,18,10,0.5555555555555556,0.0010339983273297548,1.0510201454162598
124,diffpool,1,32,True,0.2,200,0.01,,1.0,0.1,0.01,5,1000,30,25,2,12400001,0.5428431968330788,0.8301157709280169,18,9,0.5,0.0011102808639407158,1.093094825744629
124,diffpool,1,32,True,0.2,200,0.01,,1.0,0.1,0.01,5,1000,30,25,3,12400002,0.6008313518321795,0.8844766350458156,18,10,0.5555555555555556,0.0010809499071910977,1.0509071350097656
125,diffpool,1,32,True,0.2,200,0.01,,1.0,0.5,0.01,5,1000,30,25,1,12500000,0.6052466588559602,0.8693410761094542,18,10,0.5555555555555556,0.0007963308016769588,1.0812039375305176
125,diffpool,1,32,True,0.2,200,0.01,,1.0,0.5,0.01,5,1000,30,25,2,12500001,0.7065214430894308,0.9157632048510576,18,12,0.6666666666666666,0.0009702296229079366,1.0573151111602783
125,diffpool,1,32,True,0.2,200,0.01,,1.0,0.5,0.01,5,1000,30,25,3,12500002,0.600551839423039,0.8604461411504977,18,10,0.5555555555555556,0.0011605221079662442,1.085664987564087
126,diffpool,1,32,True,0.2,200,0.01,,1.0,1.0,0.01,5,1000,30,25,1,12600000,0.578369643820831,0.8365730766980994,18,10,0.5555555555555556,0.0009133891435340047,1.053576946258545
126,diffpool,1,32,True,0.2,200,0.01,,1.0,1.0,0.01,5,1000,30,25,2,12600001,0.6793847242637052,0.9003727736548859,18,12,0.6666666666666666,0.0011694274144247174,1.0823290348052979
126,diffpool,1,32,True,0.2,200,0.01,,1.0,1.0,0.01,5,1000,30,25,3,12600002,0.6233225183833405,0.8803889816978536,18,10,0.5555555555555556,0.001095556770451367,1.0523366928100586
127,diffpool,1,32,True,0.2,500,0.005,,1.0,0.1,0.01,5,1000,30,25,1,12700000,0.5866482027144336,0.8680212923238274,18,10,0.5555555555555556,0.0010827761143445969,2.6402320861816406
127,diffpool,1,32,True,0.2,500,0.005,,1.0,0.1,0.01,5,1000,30,25,2,12700001,0.5151198901244242,0.8241540642944021,18,8,0.4444444444444444,0.0009688815916888416,2.6315698623657227
127,diffpool,1,32,True,0.2,500,0.005,,1.0,0.1,0.01,5,1000,30,25,3,12700002,0.626050076352121,0.8737575320454535,18,11,0.6111111111111112,0.0011956178350374103,2.5876002311706543
128,diffpool,1,32,True,0.2,500,0.005,,1.0,0.5,0.01,5,1000,30,25,1,12800000,0.5924473406472972,0.8590443864383112,18,10,0.5555555555555556,0.0015635478775948286,2.6426050662994385
128,diffpool,1,32,True,0.2,500,0.005,,1.0,0.5,0.01,5,1000,30,25,2,12800001,0.5686820401573833,0.8548571410933106,18,10,0.5555555555555556,0.0011392412707209587,2.607203245162964
128,diffpool,1,32,True,0.2,500,0.005,,1.0,0.5,0.01,5,1000,30,25,3,12800002,0.6579460228255564,0.8950040427689492,18,12,0.6666666666666666,0.001589093473739922,2.616710901260376
129,diffpool,1,32,True,0.2,500,0.005,,1.0,1.0,0.01,5,1000,30,25,1,12900000,0.5956644232832943,0.8653194234159419,18,10,0.5555555555555556,0.0010447766399011016,2.5922741889953613
129,diffpool,1,32,True,0.2,500,0.005,,1.0,1.0,0.01,5,1000,30,25,2,12900001,0.6641856455115176,0.8899143290737112,18,11,0.6111111111111112,0.0015979583840817213,2.714843988418579
129,diffpool,1,32,True,0.2,500,0.005,,1.0,1.0,0.01,5,1000,30,25,3,12900002,0.7490073220972628,0.9319173625640026,18,13,0.7222222222222222,0.0012483394239097834,2.5933749675750732
130,diffpool,1,32,True,0.2,500,0.01,,1.0,0.1,0.01,5,1000,30,25,1,13000000,0.6675416153373465,0.881328217546556,18,11,0.6111111111111112,0.0011660142336040735,2.626471757888794
130,diffpool,1,32,True,0.2,500,0.01,,1.0,0.1,0.01,5,1000,30,25,2,13000001,0.553510378157488,0.8478285002030431,18,9,0.5,0.0010205626022070646,2.626132011413574
130,diffpool,1,32,True,0.2,500,0.01,,1.0,0.1,0.01,5,1000,30,25,3,13000002,0.6615228404991469,0.9016800175512135,18,11,0.6111111111111112,0.0010173938935622573,2.63331937789917
131,diffpool,1,32,True,0.2,500,0.01,,1.0,0.5,0.01,5,1000,30,25,1,13100000,0.5750966303920283,0.8409088269235092,18,9,0.5,0.0012855100212618709,2.6010239124298096
131,diffpool,1,32,True,0.2,500,0.01,,1.0,0.5,0.01,5,1000,30,25,2,13100001,0.39777521189299037,0.7726907530119186,18,7,0.3888888888888889,0.0009468249045312405,2.638840913772583
131,diffpool,1,32,True,0.2,500,0.01,,1.0,0.5,0.01,5,1000,30,25,3,13100002,0.6543307585553202,0.8734932082546013,18,11,0.6111111111111112,0.0011002846295014024,2.5850837230682373
132,diffpool,1,32,True,0.2,500,0.01,,1.0,1.0,0.01,5,1000,30,25,1,13200000,0.5910627468058366,0.8625921402045876,18,10,0.5555555555555556,0.001222441322170198,2.6299290657043457
132,diffpool,1,32,True,0.2,500,0.01,,1.0,1.0,0.01,5,1000,30,25,2,13200001,0.6115658410714356,0.8754029822645601,18,11,0.6111111111111112,0.0011828204151242971,2.5842559337615967
132,diffpool,1,32,True,0.2,500,0.01,,1.0,1.0,0.01,5,1000,30,25,3,13200002,0.5840136508397062,0.8596266441291832,18,10,0.5555555555555556,0.001036279834806919,2.6229660511016846
133,diffpool,1,32,True,0.5,200,0.005,,1.0,0.1,0.01,5,1000,30,25,1,13300000,0.4847295649912053,0.8177298825667112,18,8,0.4444444444444444,0.0016710549825802445,1.0415761470794678
133,diffpool,1,32,True,0.5,200,0.005,,1.0,0.1,0.01,5,1000,30,25,2,13300001,0.614308468880963,0.8772029740398114,18,11,0.6111111111111112,0.0021619354374706745,1.0569417476654053
133,diffpool,1,32,True,0.5,200,0.005,,1.0,0.1,0.01,5,1000,30,25,3,13300002,0.653391519462948,0.883863504278931,18,11,0.6111111111111112,0.0016284389421343803,1.0826611518859863
134,diffpool,1,32,True,0.5,200,0.005,,1.0,0.5,0.01,5,1000,30,25,1,13400000,0.564786188212278,0.8455296303208567,18,9,0.5,0.005248127970844507,1.0475928783416748
134,diffpool,1,32,True,0.5,200,0.005,,1.0,0.5,0.01,5,1000,30,25,2,13400001,0.45664638395316676,0.8056138721505502,18,7,0.3888888888888889,0.001808634726330638,1.0736949443817139
134,diffpool,1,32,True,0.5,200,0.005,,1.0,0.5,0.01,5,1000,30,25,3,13400002,0.624371871587067,0.8747331702298908,18,10,0.5555555555555556,0.004468763712793589,1.0468759536743164
135,diffpool,1,32,True,0.5,200,0.005,,1.0,1.0,0.01,5,1000,30,25,1,13500000,0.6250591150713272,0.8653278780268363,18,10,0.5555555555555556,0.008126309141516685,1.099372148513794
135,diffpool,1,32,True,0.5,200,0.005,,1.0,1.0,0.01,5,1000,30,25,2,13500001,0.5211783584111058,0.8320861811461849,18,8,0.4444444444444444,0.005537507124245167,1.0506479740142822
135,diffpool,1,32,True,0.5,200,0.005,,1.0,1.0,0.01,5,1000,30,25,3,13500002,0.549198126307966,0.8464867032434824,18,9,0.5,0.006043269298970699,1.1124789714813232
136,diffpool,1,32,True,0.5,200,0.01,,1.0,0.1,0.01,5,1000,30,25,1,13600000,0.4078371407230833,0.7513827865147747,18,7,0.3888888888888889,0.0015618829056620598,1.060088872909546
136,diffpool,1,32,True,0.5,200,0.01,,1.0,0.1,0.01,5,1000,30,25,2,13600001,0.5431086412633152,0.8294955804111492,18,10,0.5555555555555556,0.001530391164124012,1.086596965789795
136,diffpool,1,32,True,0.5,200,0.01,,1.0,0.1,0.01,5,1000,30,25,3,13600002,0.4998201069508728,0.8316123966672105,18,8,0.4444444444444444,0.0017707651713863015,1.0476689338684082
137,diffpool,1,32,True,0.5,200,0.01,,1.0,0.5,0.01,5,1000,30,25,1,13700000,0.6262766957279859,0.8726872282885144,18,10,0.5555555555555556,0.003444733563810587,1.078064203262329
137,diffpool,1,32,True,0.5,200,0.01,,1.0,0.5,0.01,5,1000,30,25,2,13700001,0.5181940919768268,0.8240728389118736,18,9,0.5,0.0038440763019025326,1.0533509254455566
137,diffpool,1,32,True,0.5,200,0.01,,1.0,0.5,0.01,5,1000,30,25,3,13700002,0.6337148904734046,0.8862708131518872,18,11,0.6111111111111112,0.0025951648131012917,1.081639051437378
138,diffpool,1,32,True,0.5,200,0.01,,1.0,1.0,0.01,5,1000,30,25,1,13800000,0.6185325672777992,0.8832159950379659,18,11,0.6111111111111112,0.004407585598528385,1.0469517707824707
138,diffpool,1,32,True,0.5,200,0.01,,1.0,1.0,0.01,5,1000,30,25,2,13800001,0.4197536601801355,0.7619588803204982,18,7,0.3888888888888889,0.0035414027515798807,1.0874221324920654
138,diffpool,1,32,True,0.5,200,0.01,,1.0,1.0,0.01,5,1000,30,25,3,13800002,0.5040220529489821,0.8112466274057691,18,8,0.4444444444444444,0.0054974788799881935,1.0586018562316895
139,diffpool,1,32,True,0.5,500,0.005,,1.0,0.1,0.01,5,1000,30,25,1,13900000,0.5077791225799776,0.8272004119785469,18,9,0.5,0.002052897121757269,2.643326997756958
139,diffpool,1,32,True,0.5,500,0.005,,1.0,0.1,0.01,5,1000,30,25,2,13900001,0.6853939632602053,0.9048631165037672,18,11,0.6111111111111112,0.0017109891632571816,2.626955032348633
139,diffpool,1,32,True,0.5,500,0.005,,1.0,0.1,0.01,5,1000,30,25,3,13900002,0.4407994273049491,0.7699788712140129,18,7,0.3888888888888889,0.0019015718717128038,2.5892767906188965
140,diffpool,1,32,True,0.5,500,0.005,,1.0,0.5,0.01,5,1000,30,25,1,14000000,0.4404381645037097,0.7543411883238244,18,8,0.4444444444444444,0.0021939652506262064,2.617475748062134
140,diffpool,1,32,True,0.5,500,0.005,,1.0,0.5,0.01,5,1000,30,25,2,14000001,0.6308787108986681,0.8846027509302218,18,11,0.6111111111111112,0.004952240735292435,2.5911991596221924
140,diffpool,1,32,True,0.5,500,0.005,,1.0,0.5,0.01,5,1000,30,25,3,14000002,0.46730550530054676,0.8087021318462851,18,9,0.5,0.0018649572739377618,2.6364529132843018
141,diffpool,1,32,True,0.5,500,0.005,,1.0,1.0,0.01,5,1000,30,25,1,14100000,0.44413169321585555,0.7956499623927834,18,8,0.4444444444444444,0.004429889377206564,2.5960941314697266
141,diffpool,1,32,True,0.5,500,0.005,,1.0,1.0,0.01,5,1000,30,25,2,14100001,0.5306487559764554,0.852302226571582,18,9,0.5,0.004279173910617828,2.6210649013519287
141,diffpool,1,32,True,0.5,500,0.005,,1.0,1.0,0.01,5,1000,30,25,3,14100002,0.5874558246710729,0.8545324817212291,18,10,0.5555555555555556,0.004383628256618977,2.872668981552124
142,diffpool,1,32,True,0.5,500,0.01,,1.0,0.1,0.01,5,1000,30,25,1,14200000,0.597415152014911,0.8465854514910461,18,10,0.5555555555555556,0.0013976944610476494,2.6368300914764404
142,diffpool,1,32,True,0.5,500,0.01,,1.0,0.1,0.01,5,1000,30,25,2,14200001,0.5099820001480493,0.7718764531788722,18,10,0.5555555555555556,0.001787881599739194,2.694295883178711
142,diffpool,1,32,True,0.5,500,0.01,,1.0,0.1,0.01,5,1000,30,25,3,14200002,0.5472151497066347,0.8359185274886087,18,9,0.5,0.0016991914017125964,2.658845901489258
143,diffpool,1,32,True,0.5,500,0.01,,1.0,0.5,0.01,5,1000,30,25,1,14300000,0.6177889745063019,0.882038270978509,18,10,0.5555555555555556,0.0033411416225135326,2.5939221382141113
143,diffpool,1,32,True,0.5,500,0.01,,1.0,0.5,0.01,5,1000,30,25,2,14300001,0.5918461697391344,0.8690988613792257,18,10,0.5555555555555556,0.0023359213955700397,2.8385608196258545
143,diffpool,1,32,True,0.5,500,0.01,,1.0,0.5,0.01,5,1000,30,25,3,14300002,0.4870618521337336,0.8228530765163702,18,8,0.4444444444444444,0.002463315147906542,2.5998120307922363
144,diffpool,1,32,True,0.5,500,0.01,,1.0,1.0,0.01,5,1000,30,25,1,14400000,0.7007631489902288,0.9045583954920039,18,12,0.6666666666666666,0.003387531964108348,2.617892026901245
144,diffpool,1,32,True,0.5,500,0.01,,1.0,1.0,0.01,5,1000,30,25,2,14400001,0.4275866221597857,0.7830060366245223,18,8,0.4444444444444444,0.0023381663486361504,2.7045960426330566
144,diffpool,1,32,True,0.5,500,0.01,,1.0,1.0,0.01,5,1000,30,25,3,14400002,0.5783326342915754,0.8688215311154273,18,10,0.5555555555555556,0.004799320362508297,3.0518100261688232
