network_name,target_label,target_size,b,b_percentage,p,realization,ECS,M1,M2,elapsed_time_sec
Wiki,0,92,0,0,,0,0.2383724031347742,0.03365384615384615,0.8491137051448335,
Wiki,0,92,0,0,,0,0.27612534271915284,0.03869047619047619,0.798530047557285,
Wiki,0,92,1,0.01,0.5,1,0.2428363536805085,0.029166666666666667,0.8828361435365326,2.2882161140441895
Wiki,0,92,1,0.01,0.5,2,0.26437445208174604,0.028846153846153848,0.8447903156074362,2.126807689666748
Wiki,0,92,5,0.05,0.5,1,0.26445576111850516,0.022058823529411766,0.7730220492866408,2.177966356277466
Wiki,0,92,5,0.05,0.5,2,0.21694483761092553,0.028225806451612902,0.8223086900129701,2.1686742305755615
Wiki,0,92,10,0.1,0.5,1,0.2603593247910384,0.03125,0.8560311284046692,2.252133369445801
Wiki,0,92,10,0.1,0.5,2,0.28049581581742333,0.03125,0.8028534370946823,2.1393938064575195
Wiki,0,92,15,0.15,0.5,1,0.30630917233456073,0.035326086956521736,0.8331171638564635,2.137423515319824
Wiki,0,92,15,0.15,0.5,2,0.28908597872790615,0.03125,0.7833981841763943,2.280992031097412
Wiki,0,92,20,0.2,0.5,1,0.2732235219292261,0.04276315789473684,0.8888888888888888,2.146261215209961
Wiki,0,92,20,0.2,0.5,2,0.2996599543975167,0.02217741935483871,0.779074794638997,2.1383161544799805
Wiki,0,92,24,0.25,0.5,1,0.28711909314987033,0.035,0.8439256376999568,2.1633048057556152
Wiki,0,92,24,0.25,0.5,2,0.23185445202159835,0.058333333333333334,0.8543017725897103,2.2702763080596924
Wiki,0,92,29,0.3,0.5,1,0.2948795252966607,0.02195945945945946,0.83873757025508,2.138529062271118
Wiki,0,92,29,0.3,0.5,2,0.2937206429269408,0.036458333333333336,0.8491137051448335,2.1490707397460938
Wiki,0,92,34,0.35,0.5,1,0.2737903481347379,0.03,0.8236057068741893,2.219989061355591
Wiki,0,92,34,0.35,0.5,2,0.30899899241023004,0.04276315789473684,0.85473411154345,2.044956922531128
Wiki,0,92,39,0.4,0.5,1,0.2947731143605417,0.02734375,0.8966709900562041,2.042128562927246
Wiki,0,92,39,0.4,0.5,2,0.25742556109519044,0.03977272727272727,0.8707306528318202,2.0548079013824463
Wiki,0,92,44,0.45,0.5,1,0.2639971887949445,0.058823529411764705,1.0,2.1551969051361084
Wiki,0,92,44,0.45,0.5,2,0.2602846694585012,0.03125,0.9217466493731085,2.0465810298919678
Wiki,0,92,49,0.5,0.5,1,0.284188872087792,0.03125,0.8374405533938608,2.04599928855896
Wiki,0,92,49,0.5,0.5,2,0.2639061045129934,0.04861111111111111,0.95157803718115,2.1698389053344727
Wiki,0,92,54,0.55,0.5,1,0.2813219507676452,0.07142857142857142,1.0,2.0508971214294434
Wiki,0,92,54,0.55,0.5,2,0.2735114585940803,0.041666666666666664,0.8966709900562041,2.0502805709838867
Wiki,0,92,59,0.6,0.5,1,0.23592457392208685,0.028225806451612902,0.8767833981841764,2.080177068710327
Wiki,0,92,59,0.6,0.5,2,0.24565776152698712,0.026785714285714284,0.7795071335927367,2.2100558280944824
Wiki,0,92,64,0.65,0.5,1,0.23205007282021523,0.049342105263157895,0.916126242974492,2.0975170135498047
Wiki,0,92,64,0.65,0.5,2,0.282707781102652,0.026785714285714284,0.8166882836143536,2.053835391998291
Wiki,0,92,69,0.7,0.5,1,0.2667421376023045,0.02217741935483871,0.8166882836143536,2.2455344200134277
Wiki,0,92,69,0.7,0.5,2,0.24361785334863645,0.0325,0.8396022481625595,2.0768485069274902
Wiki,0,92,74,0.75,0.5,1,0.25281658322579115,0.03365384615384615,0.8370082144401211,2.0453338623046875
Wiki,0,92,74,0.75,0.5,2,0.270915532132602,0.020833333333333332,0.6731517509727627,2.0471763610839844
Wiki,0,92,78,0.8,0.5,1,0.24699763946635864,0.04779411764705882,0.8992650237786425,2.1558074951171875
Wiki,0,92,78,0.8,0.5,2,0.26836225625682636,0.0390625,0.9022913964548206,2.0522873401641846
Wiki,0,92,83,0.85,0.5,1,0.26954014949591254,0.040625,0.7877215737137916,2.0473215579986572
Wiki,0,92,83,0.85,0.5,2,0.2905288187782703,0.04861111111111111,0.9053177691309987,2.180687665939331
Wiki,0,92,88,0.9,0.5,1,0.2624239751983781,0.03260869565217391,0.7760484219628189,2.0431458950042725
Wiki,0,92,88,0.9,0.5,2,0.28695404889842135,0.03409090909090909,0.7821011673151751,2.0401954650878906
Wiki,0,92,93,0.95,0.5,1,0.26301812636955424,0.02389705882352941,0.8841331603977518,2.1770055294036865
Wiki,0,92,93,0.95,0.5,2,0.254261212086401,0.03017241379310345,0.8625162127107653,2.0407447814941406
Wiki,0,92,98,1,0.5,1,0.28243612136174384,0.04261363636363636,0.9308257674016429,2.0500409603118896
Wiki,0,92,98,1,0.5,2,0.26576361099780094,0.034722222222222224,0.9662775616083009,2.0520498752593994
Wiki,1,406,0,0,,0,0.2847844422594991,0.005434782608695652,0.8989494747373686,
Wiki,1,406,0,0,,0,0.23840269865552638,0.004098360655737705,0.8129064532266133,
Wiki,1,406,13,0.01,0.5,1,0.25917068270580457,0.0042763157894736845,0.7943971985992997,2.0373458862304688
Wiki,1,406,13,0.01,0.5,2,0.2756233688144885,0.007878151260504201,0.9489744872436218,2.0287325382232666
Wiki,1,406,66,0.05,0.5,1,0.2513494559621733,0.006386861313868613,0.8449224612306153,2.0383598804473877
Wiki,1,406,66,0.05,0.5,2,0.25034464895807934,0.007747933884297521,0.894447223611806,2.161996603012085
Wiki,1,406,132,0.1,0.5,1,0.27924260329784056,0.006433823529411764,0.9319659829914958,2.047475814819336
Wiki,1,406,132,0.1,0.5,2,0.26734147600887725,0.009765625,0.9779889944972486,2.0544376373291016
Wiki,1,406,197,0.15,0.5,1,0.25962825547203155,0.007874015748031496,1.0,2.1801490783691406
Wiki,1,406,197,0.15,0.5,2,0.2894590506185409,0.006893382352941176,0.9229614807403702,2.055464267730713
Wiki,1,406,263,0.2,0.5,1,0.255367495253155,0.006377551020408163,0.9009504752376188,2.064690351486206
Wiki,1,406,263,0.2,0.5,2,0.2397257925457331,0.00997340425531915,0.894447223611806,2.067065715789795
Wiki,1,406,329,0.25,0.5,1,0.23301076273382446,0.00944767441860465,0.7648824412206103,2.2015833854675293
Wiki,1,406,329,0.25,0.5,2,0.2392410202013657,0.009259259259259259,1.0,2.0792346000671387
Wiki,1,406,394,0.3,0.5,1,0.25700394824286116,0.007267441860465116,0.9704852426213106,2.0698630809783936
Wiki,1,406,394,0.3,0.5,2,0.26609906161829083,0.008600917431192661,0.9069534767383692,2.208667516708374
Wiki,1,406,460,0.35,0.5,1,0.24711826583862223,0.00744047619047619,0.9474737368684342,2.092214822769165
Wiki,1,406,460,0.35,0.5,2,0.23382231640086243,0.008643617021276596,0.8194097048524263,2.0896952152252197
Wiki,1,406,526,0.4,0.5,1,0.26630362580888484,0.010752688172043012,1.0,2.096109628677368
Wiki,1,406,526,0.4,0.5,2,0.2972788775782183,0.008296460176991151,0.9114557278639319,2.226383924484253
Wiki,1,406,592,0.45,0.5,1,0.282478286485314,0.0136986301369863,1.0,2.1045663356781006
Wiki,1,406,592,0.45,0.5,2,0.2714239594104765,0.012335526315789474,0.9249624812406203,2.1020052433013916
Wiki,1,406,658,0.5,0.5,1,0.2789741435883887,0.009282178217821782,0.9134567283641821,2.2363827228546143
Wiki,1,406,658,0.5,0.5,2,0.28574722485109005,0.00909090909090909,1.0,2.106642723083496
Wiki,1,406,723,0.55,0.5,1,0.27016753162237006,0.012152777777777778,0.896448224112056,2.137143850326538
Wiki,1,406,723,0.55,0.5,2,0.2685527967276522,0.010080645161290322,0.9704852426213106,2.1245527267456055
Wiki,1,406,789,0.6,0.5,1,0.2564489003902199,0.0109375,0.8804402201100551,2.2490627765655518
Wiki,1,406,789,0.6,0.5,2,0.2559241934052257,0.008928571428571428,1.0,2.129115104675293
Wiki,1,406,855,0.65,0.5,1,0.2797336986439798,0.006510416666666667,0.9449724862431216,2.131455421447754
Wiki,1,406,855,0.65,0.5,2,0.26010173331545783,0.010542168674698794,0.8434217108554277,2.256089210510254
Wiki,1,406,920,0.7,0.5,1,0.24065081860567464,0.010852713178294573,0.8789394697348675,2.209069013595581
Wiki,1,406,920,0.7,0.5,2,0.2770331111482214,0.015625,0.9164582291145573,2.1337130069732666
Wiki,1,406,986,0.75,0.5,1,0.2605234536337719,0.010526315789473684,1.0,2.2660415172576904
Wiki,1,406,986,0.75,0.5,2,0.2575328089729581,0.00997340425531915,0.9194597298649325,2.150071144104004
Wiki,1,406,1052,0.8,0.5,1,0.2853598743524746,0.007407407407407408,1.0,2.1589434146881104
Wiki,1,406,1052,0.8,0.5,2,0.28574755461322504,0.008376288659793814,0.8344172086043021,2.295802116394043
Wiki,1,406,1118,0.85,0.5,1,0.22305728328363333,0.018518518518518517,1.0,2.179516553878784
Wiki,1,406,1118,0.85,0.5,2,0.2892019642841835,0.009664948453608248,0.9194597298649325,2.1867260932922363
Wiki,1,406,1184,0.9,0.5,1,0.2540470277570153,0.014204545454545454,0.9709854927463731,2.170708656311035
Wiki,1,406,1184,0.9,0.5,2,0.2503513130316612,0.009943181818181818,0.8824412206103052,2.3018910884857178
Wiki,1,406,1249,0.95,0.5,1,0.262782380469414,0.0125,1.0,2.196291923522949
Wiki,1,406,1249,0.95,0.5,2,0.3051509600831661,0.009900990099009901,1.0,2.188335418701172
Wiki,1,406,1315,1,0.5,1,0.28055598470597654,0.007738095238095238,0.8664332166083042,2.3269600868225098
Wiki,1,406,1315,1,0.5,2,0.25264815514036487,0.013204225352112676,0.8789394697348675,2.211212396621704
Wiki,2,203,0,0,,0,0.2610460978242056,0.007190265486725664,0.8010899182561307,
Wiki,2,203,0,0,,0,0.2781846346370595,0.004084967320261438,0.5772025431425977,
Wiki,2,203,7,0.01,0.5,1,0.26191355249149584,0.008928571428571428,0.6775658492279746,2.0388906002044678
Wiki,2,203,7,0.01,0.5,2,0.2639000835601554,0.007894736842105263,0.7070844686648501,2.165055751800537
Wiki,2,203,34,0.05,0.5,1,0.258273410792618,0.01069078947368421,0.8365122615803815,2.0363686084747314
Wiki,2,203,34,0.05,0.5,2,0.26590953837287495,0.014508928571428572,0.8047229791099001,2.032623291015625
Wiki,2,203,68,0.1,0.5,1,0.23995495799426578,0.009232954545454546,0.8696639418710264,2.063710927963257
Wiki,2,203,68,0.1,0.5,2,0.24887497646510207,0.006547619047619048,0.7125340599455041,2.1549792289733887
Wiki,2,203,103,0.15,0.5,1,0.2693452072755755,0.007894736842105263,0.757039055404178,2.051219940185547
Wiki,2,203,103,0.15,0.5,2,0.2529600288348873,0.011853448275862068,0.6752951861943688,2.0632035732269287
Wiki,2,203,137,0.2,0.5,1,0.2662512928674156,0.015625,0.9445958219800181,2.1876251697540283
Wiki,2,203,137,0.2,0.5,2,0.27791114128549105,0.007004310344827586,0.8719346049046321,2.0820789337158203
Wiki,2,203,171,0.25,0.5,1,0.2681401559015241,0.01015625,0.8782924613987284,2.0612308979034424
Wiki,2,203,171,0.25,0.5,2,0.27754881996780856,0.009146341463414634,0.720708446866485,2.085153818130493
Wiki,2,203,206,0.3,0.5,1,0.24567916736459525,0.008522727272727272,0.6752951861943688,2.223660469055176
Wiki,2,203,206,0.3,0.5,2,0.24214137379346498,0.009868421052631578,0.7693006357856494,2.064876079559326
Wiki,2,203,240,0.35,0.5,1,0.2669440750015129,0.008333333333333333,0.8655767484105359,2.0772013664245605
Wiki,2,203,240,0.35,0.5,2,0.27000818776109065,0.009232954545454546,0.8188010899182562,2.194061279296875
Wiki,2,203,274,0.4,0.5,1,0.2554628782797744,0.007965686274509803,0.7970027247956403,2.0714871883392334
Wiki,2,203,274,0.4,0.5,2,0.2790956294390881,0.007425742574257425,0.7720254314259763,2.0563762187957764
Wiki,2,203,308,0.45,0.5,1,0.26734600879458836,0.008928571428571428,0.8065395095367848,2.200937032699585
Wiki,2,203,308,0.45,0.5,2,0.2613402754964863,0.0125,0.8342415985467757,2.0828497409820557
Wiki,2,203,342,0.5,0.5,1,0.24990943631085305,0.011494252873563218,1.0,2.08383846282959
Wiki,2,203,342,0.5,0.5,2,0.2524192848068288,0.008643617021276596,0.8051771117166212,2.084942579269409
Wiki,2,203,377,0.55,0.5,1,0.23709426914106208,0.016163793103448277,0.9432334241598547,2.204071283340454
Wiki,2,203,377,0.55,0.5,2,0.2515704820195417,0.010309278350515464,1.0,2.091763496398926
Wiki,2,203,411,0.6,0.5,1,0.27765761333560746,0.00847457627118644,1.0,2.1013214588165283
Wiki,2,203,411,0.6,0.5,2,0.24387394571168555,0.009943181818181818,0.8760217983651226,2.213819742202759
Wiki,2,203,445,0.65,0.5,1,0.25329005753643624,0.011160714285714286,0.9046321525885559,2.118393659591675
Wiki,2,203,445,0.65,0.5,2,0.24793889379072312,0.015046296296296295,0.8401453224341507,2.1018362045288086
Wiki,2,203,479,0.7,0.5,1,0.2538122279425449,0.012126865671641791,0.801544050862852,2.210139036178589
Wiki,2,203,479,0.7,0.5,2,0.24417073446071963,0.009232954545454546,0.7920072661217076,2.110503673553467
Wiki,2,203,514,0.75,0.5,1,0.25704543205119673,0.01098901098901099,1.0,2.1127095222473145
Wiki,2,203,514,0.75,0.5,2,0.2398598791281147,0.009868421052631578,0.7143505903723887,2.1110498905181885
Wiki,2,203,548,0.8,0.5,1,0.262769616098083,0.009868421052631578,0.7838328792007266,2.2277896404266357
Wiki,2,203,548,0.8,0.5,2,0.27023053426081023,0.00944767441860465,0.8860127157129882,2.125950336456299
Wiki,2,203,582,0.85,0.5,1,0.2404795816181994,0.01913265306122449,0.991371480472298,2.130959987640381
Wiki,2,203,582,0.85,0.5,2,0.2525387570820467,0.0125,0.790644868301544,2.2274510860443115
Wiki,2,203,616,0.9,0.5,1,0.26592641112361254,0.013257575757575758,0.9364214350590372,2.1110448837280273
Wiki,2,203,616,0.9,0.5,2,0.24601903310603127,0.019021739130434784,0.8228882833787466,2.128552198410034
Wiki,2,203,651,0.95,0.5,1,0.25362055401701716,0.016581632653061226,0.8669391462306993,2.260758876800537
Wiki,2,203,651,0.95,0.5,2,0.24892259772457095,0.010912698412698412,0.7579473206176204,2.1282448768615723
Wiki,2,203,685,1,0.5,1,0.26206032803499396,0.009963768115942028,0.742960944595822,2.155817747116089
Wiki,2,203,685,1,0.5,2,0.2619991649456384,0.014705882352941176,0.7420526793823796,2.126342535018921
Wiki,3,103,0,0,,0,0.2649080711820569,0.0022058823529411764,0.20764552562988706,
Wiki,3,103,0,0,,0,0.2888255618338803,0.003246753246753247,0.24456993918331885,
Wiki,3,103,10,0.01,0.5,1,0.2459379044502578,0.001973684210526316,0.21937445699391833,2.1587741374969482
Wiki,3,103,10,0.01,0.5,2,0.2587366607167783,0.003048780487804878,0.26238053866203304,2.0506350994110107
Wiki,3,103,52,0.05,0.5,1,0.2767806573600998,0.005147058823529412,0.4787141615986099,2.0557315349578857
Wiki,3,103,52,0.05,0.5,2,0.26561205048007464,0.003434065934065934,0.3896611642050391,2.1706480979919434
Wiki,3,103,104,0.1,0.5,1,0.25310197710994214,0.002631578947368421,0.28062554300608167,2.0596563816070557
Wiki,3,103,104,0.1,0.5,2,0.26420282229035613,0.001953125,0.2510860121633362,2.0593154430389404
Wiki,3,103,155,0.15,0.5,1,0.2492199759698814,0.004411764705882353,0.3579496090356212,2.1930408477783203
Wiki,3,103,155,0.15,0.5,2,0.28345985845323907,0.0035919540229885057,0.3318853171155517,2.0598297119140625
Wiki,3,103,207,0.2,0.5,1,0.28524580467747596,0.005136986301369863,0.39096437880104257,2.0839786529541016
Wiki,3,103,207,0.2,0.5,2,0.24791187580684382,0.00546875,0.4161598609904431,2.0791103839874268
Wiki,3,103,259,0.25,0.5,1,0.23912596952301335,0.005136986301369863,0.42224152910512597,2.1891560554504395
Wiki,3,103,259,0.25,0.5,2,0.276349377347778,0.004310344827586207,0.29105125977410945,2.0830726623535156
Wiki,3,103,310,0.3,0.5,1,0.24114371716063437,0.0028089887640449437,0.3314509122502172,2.08134388923645
Wiki,3,103,310,0.3,0.5,2,0.2529733428679242,0.003720238095238095,0.30929626411815814,2.2056872844696045
Wiki,3,103,362,0.35,0.5,1,0.26399557011179364,0.005833333333333334,0.47132927888792353,2.09462308883667
Wiki,3,103,362,0.35,0.5,2,0.24602453413027484,0.005136986301369863,0.4252823631624674,2.0936105251312256
Wiki,3,103,414,0.4,0.5,1,0.271110509610628,0.0038109756097560975,0.2893136403127715,2.230883836746216
Wiki,3,103,414,0.4,0.5,2,0.2521244321817523,0.003955696202531646,0.3501303214596003,2.112586498260498
Wiki,3,103,466,0.45,0.5,1,0.2500882833900488,0.006578947368421052,0.4895742832319722,2.1048994064331055
Wiki,3,103,466,0.45,0.5,2,0.2571287323232434,0.005271084337349397,0.527367506516073,2.1210415363311768
Wiki,3,103,518,0.5,0.5,1,0.3020410768401977,0.0035112359550561797,0.3731537793223284,2.2204854488372803
Wiki,3,103,518,0.5,0.5,2,0.2848147827618774,0.0029069767441860465,0.3214596003475239,2.115645170211792
Wiki,3,103,569,0.55,0.5,1,0.23958470213501112,0.004411764705882353,0.43961772371850566,2.1129984855651855
Wiki,3,103,569,0.55,0.5,2,0.23564187099225165,0.0035511363636363635,0.317115551694179,2.244558095932007
Wiki,3,103,621,0.6,0.5,1,0.2394187716157021,0.004411764705882353,0.3518679409209383,2.1247191429138184
Wiki,3,103,621,0.6,0.5,2,0.2522084221613168,0.006944444444444444,0.48653344917463076,2.169686794281006
Wiki,3,103,673,0.65,0.5,1,0.28937098876489664,0.004464285714285714,0.3970460469157255,2.1372103691101074
Wiki,3,103,673,0.65,0.5,2,0.24995950283919044,0.0035511363636363635,0.3362293657688966,2.253516912460327
Wiki,3,103,724,0.7,0.5,1,0.2837187746552635,0.005208333333333333,0.5152041702867072,2.142716884613037
Wiki,3,103,724,0.7,0.5,2,0.2902748416374047,0.006617647058823529,0.5165073848827106,2.143951177597046
Wiki,3,103,776,0.75,0.5,1,0.2695088145098269,0.004261363636363636,0.4348392701998262,2.280183792114258
Wiki,3,103,776,0.75,0.5,2,0.26291373224559567,0.003472222222222222,0.42137271937445697,2.1492886543273926
Wiki,3,103,828,0.8,0.5,1,0.2699611262313704,0.005952380952380952,0.49695916594265854,2.1396658420562744
Wiki,3,103,828,0.8,0.5,2,0.2817865840690154,0.004971590909090909,0.47046046915725453,2.13693904876709
Wiki,3,103,880,0.85,0.5,1,0.26005506956270685,0.005,0.3731537793223284,2.2678263187408447
Wiki,3,103,880,0.85,0.5,2,0.26612135470594306,0.006355932203389831,0.46524761077324067,2.1496951580047607
Wiki,3,103,932,0.9,0.5,1,0.2836229810960464,0.003633720930232558,0.30364900086880975,2.164065361022949
Wiki,3,103,932,0.9,0.5,2,0.2355508319765032,0.006076388888888889,0.5599478714161599,2.28090500831604
Wiki,3,103,983,0.95,0.5,1,0.2678332113534841,0.005067567567567568,0.4852302345786273,2.1839497089385986
Wiki,3,103,983,0.95,0.5,2,0.2586369872957268,0.006493506493506494,0.5642919200695048,2.1986944675445557
Wiki,3,103,1035,1,0.5,1,0.26002244922576967,0.004971590909090909,0.4261511728931364,2.1943318843841553
Wiki,3,103,1035,1,0.5,2,0.29935477872518235,0.0049157303370786515,0.549522154648132,2.3235864639282227
Wiki,4,10,0,0,,0,0.27044340955543905,0.05,0.2617954070981211,
Wiki,4,10,0,0,,0,0.2090743728733372,0.03125,0.22296450939457202,
Wiki,4,10,0,0.01,0.5,1,0.26371215403476683,0.046875,0.23465553235908143,2.038691282272339
Wiki,4,10,0,0.01,0.5,2,0.2562468448440327,0.0625,0.29728601252609604,2.0087788105010986
Wiki,4,10,0,0.05,0.5,1,0.22434042651596417,0.02857142857142857,0.28058455114822545,2.142141580581665
Wiki,4,10,0,0.05,0.5,2,0.26418503953257066,0.078125,0.3745302713987474,2.0236458778381348
Wiki,4,10,0,0.1,0.5,1,0.2702310566816028,0.03125,0.24425887265135698,2.0180256366729736
Wiki,4,10,0,0.1,0.5,2,0.27479184228787595,0.041666666666666664,0.3298538622129436,2.0166573524475098
Wiki,4,10,1,0.15,0.5,1,0.2264885951662502,0.026785714285714284,0.2605427974947808,2.1972854137420654
Wiki,4,10,1,0.15,0.5,2,0.27360899154120355,0.015625,0.24467640918580374,2.0431995391845703
Wiki,4,10,1,0.2,0.5,1,0.2622422591965905,0.026785714285714284,0.24592901878914405,2.0482447147369385
Wiki,4,10,1,0.2,0.5,2,0.2740891529695601,0.041666666666666664,0.35490605427974947,2.179108142852783
Wiki,4,10,1,0.25,0.5,1,0.25175199114700064,0.026785714285714284,0.2509394572025052,2.063652992248535
Wiki,4,10,1,0.25,0.5,2,0.29396106717769344,0.05,0.38496868475991647,2.061422824859619
Wiki,4,10,2,0.3,0.5,1,0.2830072309358348,0.041666666666666664,0.23048016701461377,2.06009578704834
Wiki,4,10,2,0.3,0.5,2,0.29777274690814226,0.125,0.4058455114822547,2.170950174331665
Wiki,4,10,2,0.35,0.5,1,0.255258178589771,0.041666666666666664,0.27933194154488517,2.0518558025360107
Wiki,4,10,2,0.35,0.5,2,0.2510352519854036,0.05,0.22087682672233822,2.0672450065612793
Wiki,4,10,2,0.4,0.5,1,0.2813896696115696,0.017857142857142856,0.22588726513569937,2.183137893676758
Wiki,4,10,2,0.4,0.5,2,0.24148611814952073,0.025,0.21419624217119,2.0705368518829346
Wiki,4,10,2,0.45,0.5,1,0.25869325097877327,0.125,0.40292275574112735,2.061025619506836
Wiki,4,10,2,0.45,0.5,2,0.25273635776137077,0.10416666666666667,0.3607515657620042,2.06462025642395
Wiki,4,10,2,0.5,0.5,1,0.3207729483020644,0.08333333333333333,0.30146137787056365,2.1879069805145264
Wiki,4,10,2,0.5,0.5,2,0.28055649000494565,0.0375,0.2847599164926931,2.0462400913238525
Wiki,4,10,3,0.55,0.5,1,0.2752128508519694,0.026785714285714284,0.24133611691022966,2.0448572635650635
Wiki,4,10,3,0.55,0.5,2,0.24368025891760337,0.0625,0.3315240083507307,2.1788110733032227
Wiki,4,10,3,0.6,0.5,1,0.24356563803163242,0.041666666666666664,0.3277661795407098,2.0957491397857666
Wiki,4,10,3,0.6,0.5,2,0.250206913386536,0.025,0.17661795407098121,2.049377918243408
Wiki,4,10,3,0.65,0.5,1,0.27235893237314246,0.0375,0.1895615866388309,2.0583651065826416
Wiki,4,10,3,0.65,0.5,2,0.2674175556517504,0.05,0.32233820459290186,2.171489715576172
Wiki,4,10,4,0.7,0.5,1,0.29715913108490843,0.015625,0.1603340292275574,2.043198823928833
Wiki,4,10,4,0.7,0.5,2,0.2516624825455419,0.041666666666666664,0.3198329853862213,2.0477445125579834
Wiki,4,10,4,0.75,0.5,1,0.28056661198100047,0.041666666666666664,0.2739039665970772,2.1570990085601807
Wiki,4,10,4,0.75,0.5,2,0.2596847859235621,0.0625,0.3386221294363257,2.042118787765503
Wiki,4,10,4,0.8,0.5,1,0.26072612207117646,0.0625,0.3035490605427975,2.0420594215393066
Wiki,4,10,4,0.8,0.5,2,0.2666519549848836,0.078125,0.39373695198329856,2.053478479385376
Wiki,4,10,4,0.85,0.5,1,0.28948486917668914,0.026785714285714284,0.22087682672233822,2.175635576248169
Wiki,4,10,4,0.85,0.5,2,0.3158655005225804,0.15625,0.3494780793319415,2.0499753952026367
Wiki,4,10,4,0.9,0.5,1,0.2932699294093343,0.05,0.3290187891440501,2.0568296909332275
Wiki,4,10,4,0.9,0.5,2,0.2529975034167051,0.078125,0.31899791231732777,2.1613969802856445
Wiki,4,10,5,0.95,0.5,1,0.28232272951461607,0.05,0.37620041753653444,2.075786828994751
Wiki,4,10,5,0.95,0.5,2,0.2536415014741494,0.026785714285714284,0.2551148225469729,2.0463926792144775
Wiki,4,10,5,1,0.5,1,0.252394381971917,0.05,0.2701461377870564,2.0494027137756348
Wiki,4,10,5,1,0.5,2,0.26421997351611665,0.0625,0.4334029227557411,2.1733856201171875
Wiki,5,361,0,0,,0,0.29279579456245763,0.005326704545454545,0.9256360078277887,
Wiki,5,361,0,0,,0,0.28430345966352566,0.00732421875,0.9691780821917808,
Wiki,5,361,6,0.01,0.5,1,0.2732830268359357,0.006510416666666667,0.9227005870841487,2.0577309131622314
Wiki,5,361,6,0.01,0.5,2,0.2689300183491376,0.007936507936507936,1.0,2.091007947921753
Wiki,5,361,32,0.05,0.5,1,0.2475796928132229,0.00909090909090909,1.0,2.186938762664795
Wiki,5,361,32,0.05,0.5,2,0.26738038148560705,0.009433962264150943,1.0,2.0620267391204834
Wiki,5,361,64,0.1,0.5,1,0.2652219120824978,0.00946969696969697,0.9231898238747553,2.0705366134643555
Wiki,5,361,64,0.1,0.5,2,0.2663649856964796,0.013786764705882353,0.9305283757338552,2.1935369968414307
Wiki,5,361,96,0.15,0.5,1,0.2497788842235816,0.009523809523809525,1.0,2.0892674922943115
Wiki,5,361,96,0.15,0.5,2,0.27385344874739953,0.011160714285714286,0.9359099804305284,2.0850393772125244
Wiki,5,361,127,0.2,0.5,1,0.24776263718718222,0.012335526315789474,0.9021526418786693,2.075025796890259
Wiki,5,361,127,0.2,0.5,2,0.24963424176920232,0.008177570093457943,0.837573385518591,2.2178266048431396
Wiki,5,361,159,0.25,0.5,1,0.24157269384118749,0.011029411764705883,0.9926614481409002,2.0630462169647217
Wiki,5,361,159,0.25,0.5,2,0.2702922497469674,0.008771929824561403,1.0,2.0822701454162598
Wiki,5,361,191,0.3,0.5,1,0.2885615949933836,0.007747933884297521,0.9408023483365949,2.2238245010375977
Wiki,5,361,191,0.3,0.5,2,0.2540570527370361,0.009708737864077669,1.0,2.0888783931732178
Wiki,5,361,223,0.35,0.5,1,0.2922520912099339,0.008152173913043478,0.9080234833659491,2.104616403579712
Wiki,5,361,223,0.35,0.5,2,0.271242473895882,0.009408602150537635,0.898238747553816,2.0914552211761475
Wiki,5,361,255,0.4,0.5,1,0.24339261589658848,0.010101010101010102,1.0,2.2062559127807617
Wiki,5,361,255,0.4,0.5,2,0.27535584498551086,0.012195121951219513,1.0,2.083446502685547
Wiki,5,361,287,0.45,0.5,1,0.2526172056117536,0.01020408163265306,1.0,2.0913052558898926
Wiki,5,361,287,0.45,0.5,2,0.26429220848959184,0.009259259259259259,1.0,2.2081592082977295
Wiki,5,361,318,0.5,0.5,1,0.26448698931670644,0.010190217391304348,0.9393346379647749,2.104248046875
Wiki,5,361,318,0.5,0.5,2,0.2657207122327145,0.008333333333333333,1.0,2.108977794647217
Wiki,5,361,350,0.55,0.5,1,0.25907730409348345,0.010309278350515464,1.0,2.087094306945801
Wiki,5,361,350,0.55,0.5,2,0.2772103471165027,0.008012820512820512,0.9809197651663405,2.270803213119507
Wiki,5,361,382,0.6,0.5,1,0.2925870177412925,0.012048192771084338,1.0,2.091679811477661
Wiki,5,361,382,0.6,0.5,2,0.23200297044701507,0.00980392156862745,1.0,2.1018409729003906
Wiki,5,361,414,0.65,0.5,1,0.2628814329428507,0.010416666666666666,1.0,2.215644359588623
Wiki,5,361,414,0.65,0.5,2,0.2702412211544434,0.008695652173913044,1.0,2.10551381111145
Wiki,5,361,446,0.7,0.5,1,0.23896231979179158,0.017543859649122806,1.0,2.098707675933838
Wiki,5,361,446,0.7,0.5,2,0.212903027975767,0.013786764705882353,0.9050880626223092,2.2330617904663086
Wiki,5,361,478,0.75,0.5,1,0.2577107608361331,0.012175324675324676,0.913894324853229,2.0998988151550293
Wiki,5,361,478,0.75,0.5,2,0.2382183289861972,0.019230769230769232,1.0,2.1016950607299805
Wiki,5,361,510,0.8,0.5,1,0.2567037514161357,0.015384615384615385,1.0,2.109802722930908
Wiki,5,361,510,0.8,0.5,2,0.2654220790492232,0.011494252873563218,1.0,2.2232913970947266
Wiki,5,361,541,0.85,0.5,1,0.26192810754920975,0.012335526315789474,0.958904109589041,2.116123914718628
Wiki,5,361,541,0.85,0.5,2,0.2608266178407252,0.01768867924528302,0.9222113502935421,2.115541696548462
Wiki,5,361,573,0.9,0.5,1,0.27859821753234953,0.011235955056179775,1.0,2.233102798461914
Wiki,5,361,573,0.9,0.5,2,0.22340013862557576,0.011432926829268292,0.9099804305283757,2.1342639923095703
Wiki,5,361,605,0.95,0.5,1,0.25987692012307295,0.009868421052631578,0.8918786692759295,2.129049301147461
Wiki,5,361,605,0.95,0.5,2,0.25815721609770764,0.008600917431192661,0.9456947162426614,2.121325731277466
Wiki,5,361,637,1,0.5,1,0.2513468248219382,0.014705882352941176,1.0,2.265359401702881
Wiki,5,361,637,1,0.5,2,0.2531181992572662,0.009615384615384616,1.0,2.1491715908050537
Wiki,6,157,0,0,,0,0.2509863722133093,0.010030864197530864,0.8220640569395018,
Wiki,6,157,0,0,,0,0.27073398283366434,0.00849514563106796,0.8816725978647687,
Wiki,6,157,3,0.01,0.5,1,0.27088358360283926,0.009101941747572815,0.9430604982206405,2.0554397106170654
Wiki,6,157,3,0.01,0.5,2,0.26684899025866016,0.007386363636363636,0.8665480427046264,2.1879942417144775
Wiki,6,157,17,0.05,0.5,1,0.2804007848124185,0.008101851851851851,0.9096975088967971,2.0624494552612305
Wiki,6,157,17,0.05,0.5,2,0.2087326112816941,0.010833333333333334,0.8411921708185054,2.0534844398498535
Wiki,6,157,35,0.1,0.5,1,0.2418723477661904,0.008333333333333333,0.8322953736654805,2.191466808319092
Wiki,6,157,35,0.1,0.5,2,0.3156650288381435,0.007965686274509803,0.8643238434163701,2.081317186355591
Wiki,6,157,52,0.15,0.5,1,0.3147935473586793,0.009129213483146067,0.8398576512455516,2.08939266204834
Wiki,6,157,52,0.15,0.5,2,0.25607069471462607,0.010284810126582278,0.8474199288256228,2.095344066619873
Wiki,6,157,69,0.2,0.5,1,0.24641992840496926,0.015625,0.9332740213523132,2.2549185752868652
Wiki,6,157,69,0.2,0.5,2,0.28717119552444,0.008928571428571428,0.9208185053380783,2.0846948623657227
Wiki,6,157,87,0.25,0.5,1,0.31132320411474734,0.009210526315789473,0.9568505338078291,2.0926082134246826
Wiki,6,157,87,0.25,0.5,2,0.2698054686239278,0.010174418604651164,0.8959074733096085,2.236755132675171
Wiki,6,157,104,0.3,0.5,1,0.2354562948063659,0.009308510638297872,0.9030249110320284,2.1035897731781006
Wiki,6,157,104,0.3,0.5,2,0.27877055632767905,0.011363636363636364,0.9154804270462633,2.098552942276001
Wiki,6,157,121,0.35,0.5,1,0.2653351129312797,0.00849514563106796,0.8674377224199288,2.242328643798828
Wiki,6,157,121,0.35,0.5,2,0.29755574677936236,0.01056338028169014,0.9048042704626335,2.1034836769104004
Wiki,6,157,139,0.4,0.5,1,0.29006654461938386,0.00902061855670103,0.8861209964412812,2.1215479373931885
Wiki,6,157,139,0.4,0.5,2,0.26736918141174326,0.01097972972972973,0.8701067615658363,2.0893049240112305
Wiki,6,157,156,0.45,0.5,1,0.23137751457016628,0.015625,1.0,2.230259418487549
Wiki,6,157,156,0.45,0.5,2,0.26429418780347597,0.023255813953488372,1.0,2.0970683097839355
Wiki,6,157,174,0.5,0.5,1,0.2912140437788067,0.008522727272727272,0.7201957295373665,2.0946919918060303
Wiki,6,157,174,0.5,0.5,2,0.2653044520110102,0.00944767441860465,0.8078291814946619,2.2316479682922363
Wiki,6,157,191,0.55,0.5,1,0.2643830033952018,0.011824324324324325,0.896797153024911,2.11979079246521
Wiki,6,157,191,0.55,0.5,2,0.2824870595982634,0.011986301369863013,0.8879003558718861,2.091193437576294
Wiki,6,157,208,0.6,0.5,1,0.28225536167047804,0.014830508474576272,0.8483096085409253,2.110567569732666
Wiki,6,157,208,0.6,0.5,2,0.2210600407036344,0.017663043478260868,0.8358540925266904,2.2352094650268555
Wiki,6,157,226,0.65,0.5,1,0.27853295503422176,0.01838235294117647,0.9119217081850534,2.1201329231262207
Wiki,6,157,226,0.65,0.5,2,0.2279577210448323,0.012175324675324676,0.9430604982206405,2.1232969760894775
Wiki,6,157,243,0.7,0.5,1,0.24220942211206276,0.013992537313432836,0.9403914590747331,2.239053964614868
Wiki,6,157,243,0.7,0.5,2,0.2780075451240759,0.010551948051948052,0.7726868327402135,2.1142187118530273
Wiki,6,157,260,0.75,0.5,1,0.25858193352262954,0.011574074074074073,0.905693950177936,2.1117286682128906
Wiki,6,157,260,0.75,0.5,2,0.28297657783579994,0.01177536231884058,0.8665480427046264,2.1070785522460938
Wiki,6,157,278,0.8,0.5,1,0.27835687651449625,0.011443661971830986,0.8763345195729537,2.239919900894165
Wiki,6,157,278,0.8,0.5,2,0.2562882929546579,0.014423076923076924,0.9888790035587188,2.1170692443847656
Wiki,6,157,295,0.85,0.5,1,0.25782949424641477,0.012152777777777778,0.9079181494661922,2.115790843963623
Wiki,6,157,295,0.85,0.5,2,0.2710976572213084,0.0234375,0.9817615658362989,2.237616777420044
Wiki,6,157,312,0.9,0.5,1,0.27888158076181396,0.009146341463414634,0.7477758007117438,2.1501564979553223
Wiki,6,157,312,0.9,0.5,2,0.2725591150393955,0.013671875,0.8362989323843416,2.129878520965576
Wiki,6,157,330,0.95,0.5,1,0.243038550208687,0.013392857142857142,0.9185943060498221,2.1361377239227295
Wiki,6,157,330,0.95,0.5,2,0.2740017204641542,0.01358695652173913,0.922153024911032,2.2407450675964355
Wiki,6,157,347,1,0.5,1,0.22435670749382147,0.02195945945945946,0.806049822064057,2.1317567825317383
Wiki,6,157,347,1,0.5,2,0.26541709972637045,0.011075949367088608,0.9061387900355872,2.136584997177124
Wiki,7,53,0,0,,0,0.2306715473741072,0.014583333333333334,0.4443027210884354,
Wiki,7,53,0,0,,0,0.25107257752213813,0.017857142857142856,0.5310374149659864,
Wiki,7,53,1,0.01,0.5,1,0.26556044629866493,0.013257575757575758,0.49362244897959184,2.2086105346679688
Wiki,7,53,1,0.01,0.5,2,0.27636402965143575,0.022727272727272728,0.5522959183673469,2.0761547088623047
Wiki,7,53,3,0.05,0.5,1,0.2976486314655495,0.012867647058823529,0.4366496598639456,2.0616986751556396
Wiki,7,53,3,0.05,0.5,2,0.266522620963138,0.017361111111111112,0.34183673469387754,2.198899984359741
Wiki,7,53,6,0.1,0.5,1,0.2949353467719094,0.01875,0.6254251700680272,2.083165168762207
Wiki,7,53,6,0.1,0.5,2,0.23960011219454663,0.013020833333333334,0.42772108843537415,2.102970838546753
Wiki,7,53,9,0.15,0.5,1,0.2736103242189901,0.015,0.41581632653061223,2.209460973739624
Wiki,7,53,9,0.15,0.5,2,0.28094669946618495,0.016826923076923076,0.4732142857142857,2.0836353302001953
Wiki,7,53,12,0.2,0.5,1,0.26045345106296497,0.02556818181818182,0.5527210884353742,2.0766212940216064
Wiki,7,53,12,0.2,0.5,2,0.27251839401461425,0.028645833333333332,0.7181122448979592,2.072633743286133
Wiki,7,53,15,0.25,0.5,1,0.21646859596277374,0.02976190476190476,0.5973639455782312,2.1856601238250732
Wiki,7,53,15,0.25,0.5,2,0.28041638254257,0.011160714285714286,0.39540816326530615,2.0682969093322754
Wiki,7,53,18,0.3,0.5,1,0.3073291898949406,0.013257575757575758,0.467687074829932,2.0816638469696045
Wiki,7,53,18,0.3,0.5,2,0.29362676340732435,0.02,0.5229591836734694,2.184192180633545
Wiki,7,53,21,0.35,0.5,1,0.23242931211480353,0.014583333333333334,0.45875850340136054,2.075721025466919
Wiki,7,53,21,0.35,0.5,2,0.2910950245383018,0.020089285714285716,0.6471088435374149,2.071676731109619
Wiki,7,53,24,0.4,0.5,1,0.2844006177006028,0.021634615384615384,0.5348639455782312,2.209036350250244
Wiki,7,53,24,0.4,0.5,2,0.27767525954880157,0.017857142857142856,0.6164965986394558,2.0703155994415283
Wiki,7,53,27,0.45,0.5,1,0.2613156849975915,0.02,0.5578231292517006,2.0893845558166504
Wiki,7,53,27,0.45,0.5,2,0.29764970719800987,0.03618421052631579,0.6513605442176871,2.0712578296661377
Wiki,7,53,30,0.5,0.5,1,0.232455124837509,0.015625,0.44302721088435376,2.2124500274658203
Wiki,7,53,30,0.5,0.5,2,0.25163651579473445,0.018229166666666668,0.5034013605442177,2.1191325187683105
Wiki,7,53,33,0.55,0.5,1,0.2768526674467046,0.019886363636363636,0.49107142857142855,2.091358184814453
Wiki,7,53,33,0.55,0.5,2,0.30310001986451063,0.019886363636363636,0.5552721088435374,2.0853798389434814
Wiki,7,53,36,0.6,0.5,1,0.2847649869377349,0.025,0.6267006802721088,2.2011046409606934
Wiki,7,53,36,0.6,0.5,2,0.3081081957096659,0.028125,0.5960884353741497,2.0903432369232178
Wiki,7,53,39,0.65,0.5,1,0.26568801075475035,0.020833333333333332,0.5990646258503401,2.082641124725342
Wiki,7,53,39,0.65,0.5,2,0.25264171686053494,0.020833333333333332,0.5799319727891157,2.208268404006958
Wiki,7,53,42,0.7,0.5,1,0.2829219656508503,0.015086206896551725,0.4255952380952381,2.0974655151367188
Wiki,7,53,42,0.7,0.5,2,0.2694381967145202,0.017241379310344827,0.5871598639455783,2.0846970081329346
Wiki,7,53,45,0.75,0.5,1,0.22545432404858914,0.028645833333333332,0.6849489795918368,2.0840702056884766
Wiki,7,53,45,0.75,0.5,2,0.26628861808288307,0.019230769230769232,0.46726190476190477,2.2114498615264893
Wiki,7,53,48,0.8,0.5,1,0.2823843226942413,0.038461538461538464,0.477891156462585,2.097888231277466
Wiki,7,53,48,0.8,0.5,2,0.2554359736257113,0.023706896551724137,0.6539115646258503,2.069392442703247
Wiki,7,53,51,0.85,0.5,1,0.24002421221308592,0.02556818181818182,0.627125850340136,2.1889963150024414
Wiki,7,53,51,0.85,0.5,2,0.23289227141913765,0.021739130434782608,0.5233843537414966,2.0923898220062256
Wiki,7,53,54,0.9,0.5,1,0.23510726604660936,0.0390625,0.7053571428571429,2.0768747329711914
Wiki,7,53,54,0.9,0.5,2,0.273207296432128,0.029411764705882353,0.5846088435374149,2.0644664764404297
Wiki,7,53,57,0.95,0.5,1,0.2906029595747961,0.026041666666666668,0.6836734693877551,2.211904287338257
Wiki,7,53,57,0.95,0.5,2,0.3141993680414959,0.03273809523809524,0.6050170068027211,2.0758109092712402
Wiki,7,53,60,1,0.5,1,0.23874054515581344,0.025,0.6815476190476191,2.071833372116089
Wiki,7,53,60,1,0.5,2,0.28917317925714736,0.057692307692307696,0.7886904761904762,2.1854279041290283
Wiki,8,109,0,0,,0,0.2681022857674505,0.013297872340425532,0.6628919860627178,
Wiki,8,109,0,0,,0,0.2652542291314955,0.01020408163265306,0.49564459930313587,
Wiki,8,109,5,0.01,0.5,1,0.30011046737419084,0.0078125,0.5304878048780488,2.0859649181365967
Wiki,8,109,5,0.01,0.5,2,0.296002414167485,0.01020408163265306,0.5291811846689896,2.079761028289795
Wiki,8,109,26,0.05,0.5,1,0.26433848427485046,0.009221311475409836,0.6132404181184669,2.1892595291137695
Wiki,8,109,26,0.05,0.5,2,0.2643543438077427,0.0078125,0.3950348432055749,2.0851762294769287
Wiki,8,109,52,0.1,0.5,1,0.23452239226513483,0.00847457627118644,0.42073170731707316,2.093224287033081
Wiki,8,109,52,0.1,0.5,2,0.3252813300719251,0.0087890625,0.6097560975609756,2.09810209274292
Wiki,8,109,77,0.15,0.5,1,0.26273943338065087,0.01059322033898305,0.6406794425087108,2.2105679512023926
Wiki,8,109,77,0.15,0.5,2,0.23796611561798728,0.009072580645161291,0.5361498257839721,2.085573673248291
Wiki,8,109,103,0.2,0.5,1,0.2879152012938657,0.016666666666666666,0.8013937282229965,2.0974442958831787
Wiki,8,109,103,0.2,0.5,2,0.24763902466107982,0.009221311475409836,0.5339721254355401,2.2149884700775146
Wiki,8,109,129,0.25,0.5,1,0.26684556576772694,0.01278409090909091,0.5932055749128919,2.0930488109588623
Wiki,8,109,129,0.25,0.5,2,0.25550845675641704,0.010080645161290322,0.6637630662020906,2.079934597015381
Wiki,8,109,155,0.3,0.5,1,0.280590074774812,0.009057971014492754,0.6385017421602788,2.0825750827789307
Wiki,8,109,155,0.3,0.5,2,0.28306672842665387,0.008152173913043478,0.537020905923345,2.216233730316162
Wiki,8,109,181,0.35,0.5,1,0.2695380393646434,0.008928571428571428,0.6254355400696864,2.097851514816284
Wiki,8,109,181,0.35,0.5,2,0.2807069848756469,0.010576923076923078,0.6951219512195121,2.0922555923461914
Wiki,8,109,206,0.4,0.5,1,0.2665696443270674,0.019230769230769232,0.7526132404181185,2.216294050216675
Wiki,8,109,206,0.4,0.5,2,0.28456795004866814,0.013157894736842105,0.742595818815331,2.101231575012207
Wiki,8,109,232,0.45,0.5,1,0.25927392294368184,0.017045454545454544,0.7121080139372822,2.1095104217529297
Wiki,8,109,232,0.45,0.5,2,0.2743258739550797,0.008152173913043478,0.5949477351916377,2.2604188919067383
Wiki,8,109,258,0.5,0.5,1,0.26427310046981695,0.008152173913043478,0.5866724738675958,2.112288236618042
Wiki,8,109,258,0.5,0.5,2,0.28442627579408725,0.014423076923076924,0.600609756097561,2.096921920776367
Wiki,8,109,284,0.55,0.5,1,0.24690895054199308,0.01893939393939394,0.5844947735191638,2.089956283569336
Wiki,8,109,284,0.55,0.5,2,0.2691805248317082,0.017628205128205128,0.7391114982578397,2.229299306869507
Wiki,8,109,310,0.6,0.5,1,0.246965472054418,0.014705882352941176,0.7722125435540069,2.1134865283966064
Wiki,8,109,310,0.6,0.5,2,0.2633154793154443,0.01273148148148148,0.6798780487804879,2.0957040786743164
Wiki,8,109,335,0.65,0.5,1,0.2492327888280559,0.013221153846153846,0.6986062717770035,2.231175661087036
Wiki,8,109,335,0.65,0.5,2,0.288185307587623,0.009698275862068966,0.5596689895470384,2.11466646194458
Wiki,8,109,361,0.7,0.5,1,0.2941122190913641,0.015277777777777777,0.6803135888501742,2.111381769180298
Wiki,8,109,361,0.7,0.5,2,0.2753703997377882,0.009375,0.5910278745644599,2.1015841960906982
Wiki,8,109,387,0.75,0.5,1,0.28134889317240735,0.02586206896551724,0.7765679442508711,2.241969347000122
Wiki,8,109,387,0.75,0.5,2,0.27617713831838303,0.012971698113207548,0.7195121951219512,2.118302345275879
Wiki,8,109,413,0.8,0.5,1,0.252760850522196,0.009221311475409836,0.5692508710801394,2.109877109527588
Wiki,8,109,413,0.8,0.5,2,0.27833295333176755,0.022727272727272728,0.7979094076655052,2.236697196960449
Wiki,8,109,439,0.85,0.5,1,0.28616661471154137,0.015,0.75,2.1048216819763184
Wiki,8,109,439,0.85,0.5,2,0.2726622381900052,0.013888888888888888,0.6672473867595818,2.1253602504730225
Wiki,8,109,464,0.9,0.5,1,0.2625760877514793,0.017857142857142856,0.757404181184669,2.0987179279327393
Wiki,8,109,464,0.9,0.5,2,0.28602284050435606,0.013297872340425532,0.695993031358885,2.2453725337982178
Wiki,8,109,490,0.95,0.5,1,0.30506289752127086,0.015625,0.7465156794425087,2.1347734928131104
Wiki,8,109,490,0.95,0.5,2,0.2724098503366245,0.016025641025641024,0.7047038327526133,2.123840570449829
Wiki,8,109,516,1,0.5,1,0.31616544992231893,0.0125,0.6520034843205574,2.237882375717163
Wiki,8,109,516,1,0.5,2,0.22460566551486738,0.014423076923076924,0.7674216027874564,2.1360960006713867
Wiki,9,11,0,0,,0,0.2568036072983664,0.0625,0.17752715121136173,
Wiki,9,11,0,0,,0,0.29277614864888696,0.015625,0.1361737677527151,
Wiki,9,11,0,0.01,0.5,1,0.2496667991415606,0.0625,0.3441938178780284,2.0309665203094482
Wiki,9,11,0,0.01,0.5,2,0.24529646709786865,0.026785714285714284,0.195906432748538,2.155451536178589
Wiki,9,11,0,0.05,0.5,1,0.28527544980035785,0.0375,0.18504594820384293,2.033069610595703
Wiki,9,11,0,0.05,0.5,2,0.2733441776303539,0.026785714285714284,0.2577276524644946,2.0252463817596436
Wiki,9,11,0,0.1,0.5,1,0.2739525808447903,0.03125,0.23475355054302421,2.0302317142486572
Wiki,9,11,0,0.1,0.5,2,0.28439830489854123,0.10416666666666667,0.3358395989974937,2.1767380237579346
Wiki,9,11,0,0.15,0.5,1,0.29939416521486933,0.08333333333333333,0.2878028404344194,2.037775754928589
Wiki,9,11,0,0.15,0.5,2,0.26338922516465135,0.10416666666666667,0.31244778613199664,2.0340447425842285
Wiki,9,11,1,0.2,0.5,1,0.2722143424677316,0.0625,0.385547201336675,2.183542013168335
Wiki,9,11,1,0.2,0.5,2,0.265686081521199,0.08333333333333333,0.316624895572264,2.061469316482544
Wiki,9,11,1,0.25,0.5,1,0.28731177798201907,0.0625,0.3529657477025898,2.063645124435425
Wiki,9,11,1,0.25,0.5,2,0.2855270260490463,0.125,0.30409356725146197,2.0690207481384277
Wiki,9,11,1,0.3,0.5,1,0.2595928128323304,0.078125,0.3993316624895572,2.19038462638855
Wiki,9,11,1,0.3,0.5,2,0.2683320798300404,0.03125,0.21177944862155387,2.0647568702697754
Wiki,9,11,1,0.35,0.5,1,0.29244426403785045,0.05,0.3028404344193818,2.066560983657837
Wiki,9,11,1,0.35,0.5,2,0.2879981899010473,0.08333333333333333,0.29156223893065997,2.206122398376465
Wiki,9,11,1,0.4,0.5,1,0.24662242073380708,0.0625,0.30367585630743527,2.034808874130249
Wiki,9,11,1,0.4,0.5,2,0.26945490538722977,0.0625,0.24728487886382622,2.0234391689300537
Wiki,9,11,1,0.45,0.5,1,0.2911623223850035,0.041666666666666664,0.3329156223893066,2.0505080223083496
Wiki,9,11,1,0.45,0.5,2,0.26114465278897503,0.0625,0.35505430242272346,2.183326482772827
Wiki,9,11,2,0.5,0.5,1,0.25006522695025324,0.21875,0.5050125313283208,2.0397861003875732
Wiki,9,11,2,0.5,0.5,2,0.30245522124931656,0.0375,0.21386800334168754,2.0382299423217773
Wiki,9,11,2,0.55,0.5,1,0.25490944705652735,0.020833333333333332,0.15914786967418545,2.1731908321380615
Wiki,9,11,2,0.55,0.5,2,0.2694173887911429,0.0625,0.252297410192147,2.040215253829956
Wiki,9,11,2,0.6,0.5,1,0.2795768396731344,0.0625,0.27151211361737676,2.033888578414917
Wiki,9,11,2,0.6,0.5,2,0.25169467880510377,0.0375,0.24477861319966582,2.050360679626465
Wiki,9,11,2,0.65,0.5,1,0.28972768597808013,0.025,0.17293233082706766,2.1657888889312744
Wiki,9,11,2,0.65,0.5,2,0.25069746773908186,0.008928571428571428,0.12573099415204678,2.0385522842407227
Wiki,9,11,2,0.7,0.5,1,0.2598939306788592,0.026785714285714284,0.21888053467000834,2.0467846393585205
Wiki,9,11,2,0.7,0.5,2,0.25491401092895394,0.08333333333333333,0.30242272347535504,2.1637587547302246
Wiki,9,11,2,0.75,0.5,1,0.3007292431433145,0.0625,0.3467000835421888,2.042752742767334
Wiki,9,11,2,0.75,0.5,2,0.26920271963472636,0.125,0.4974937343358396,2.026096820831299
Wiki,9,11,2,0.8,0.5,1,0.2771961238626537,0.0625,0.25605680868838765,2.0377066135406494
Wiki,9,11,2,0.8,0.5,2,0.2739870362351904,0.015625,0.19799498746867167,2.1609647274017334
Wiki,9,11,3,0.85,0.5,1,0.28295060638140584,0.0375,0.20634920634920634,2.034022808074951
Wiki,9,11,3,0.85,0.5,2,0.24773793937931757,0.041666666666666664,0.2109440267335004,2.04791522026062
Wiki,9,11,3,0.9,0.5,1,0.2427758697032392,0.08333333333333333,0.3028404344193818,2.182061195373535
Wiki,9,11,3,0.9,0.5,2,0.2663249808275698,0.0625,0.3003341687552214,2.051482915878296
Wiki,9,11,3,0.95,0.5,1,0.2638696615569456,0.0234375,0.22556390977443608,2.046574831008911
Wiki,9,11,3,0.95,0.5,2,0.2526855917070424,0.020833333333333332,0.20258980785296574,2.0309336185455322
Wiki,9,11,3,1,0.5,1,0.256008068547507,0.1875,0.3412698412698413,2.159475326538086
Wiki,9,11,3,1,0.5,2,0.22261731494313333,0.025,0.18880534670008353,2.0327892303466797
Wiki,10,269,0,0,,0,0.2552946403832875,0.005416666666666667,0.8852996254681648,
Wiki,10,269,0,0,,0,0.22626013439236417,0.009308510638297872,0.9021535580524345,
Wiki,10,269,7,0.01,0.5,1,0.22122167978047175,0.007425742574257425,0.7176966292134831,2.038376569747925
Wiki,10,269,7,0.01,0.5,2,0.2563100763951868,0.00576241134751773,0.7710674157303371,2.166275978088379
Wiki,10,269,37,0.05,0.5,1,0.2597025296369376,0.005172413793103448,0.7813670411985019,2.063906669616699
Wiki,10,269,37,0.05,0.5,2,0.2364425195661143,0.007231404958677686,0.8544007490636704,2.0503995418548584
Wiki,10,269,74,0.1,0.5,1,0.2628227118950225,0.005239520958083832,0.8183520599250936,2.209730386734009
Wiki,10,269,74,0.1,0.5,2,0.26220124324032223,0.004335260115606936,0.7078651685393258,2.062262773513794
Wiki,10,269,111,0.15,0.5,1,0.26338330969438034,0.005067567567567568,0.7078651685393258,2.074526786804199
Wiki,10,269,111,0.15,0.5,2,0.28253145158973325,0.005303030303030303,0.8342696629213483,2.073105812072754
Wiki,10,269,149,0.2,0.5,1,0.2793845866818483,0.011513157894736841,0.8497191011235955,2.201918840408325
Wiki,10,269,149,0.2,0.5,2,0.27094004630028956,0.005241935483870968,0.8206928838951311,2.085381269454956
Wiki,10,269,186,0.25,0.5,1,0.2903439568809736,0.004590395480225989,0.7869850187265918,2.082521677017212
Wiki,10,269,186,0.25,0.5,2,0.25036541897780495,0.00576241134751773,0.7827715355805244,2.1962318420410156
Wiki,10,269,223,0.3,0.5,1,0.19908527397196377,0.006782945736434108,0.8810861423220974,2.08476185798645
Wiki,10,269,223,0.3,0.5,2,0.2678373932459756,0.00997340425531915,0.924625468164794,2.092113971710205
Wiki,10,269,260,0.35,0.5,1,0.2743163407886188,0.00587248322147651,0.8735955056179775,2.0950276851654053
Wiki,10,269,260,0.35,0.5,2,0.27297813200156185,0.006944444444444444,0.7794943820224719,2.2079179286956787
Wiki,10,269,297,0.4,0.5,1,0.24464367561421646,0.006355932203389831,0.7588951310861424,2.100432872772217
Wiki,10,269,297,0.4,0.5,2,0.22595009948538206,0.008463541666666666,0.7869850187265918,2.0813732147216797
Wiki,10,269,334,0.45,0.5,1,0.26884338602791924,0.008663366336633664,0.8857677902621723,2.243134021759033
Wiki,10,269,334,0.45,0.5,2,0.2595125416584747,0.010670731707317074,0.947565543071161,2.093532085418701
Wiki,10,269,372,0.5,0.5,1,0.2735336229546122,0.00655241935483871,0.8281835205992509,2.0964090824127197
Wiki,10,269,372,0.5,0.5,2,0.27225020500494557,0.006063432835820896,0.8066479400749064,2.214428186416626
Wiki,10,269,409,0.55,0.5,1,0.25968229405951015,0.006448412698412698,0.8979400749063671,2.1086113452911377
Wiki,10,269,409,0.55,0.5,2,0.23399195642551673,0.007142857142857143,0.7673220973782772,2.111847162246704
Wiki,10,269,446,0.6,0.5,1,0.26439801034666377,0.005833333333333334,0.8895131086142322,2.107346534729004
Wiki,10,269,446,0.6,0.5,2,0.26445148901828763,0.0065298507462686565,0.8675093632958801,2.231543779373169
Wiki,10,269,483,0.65,0.5,1,0.23609253704637198,0.008680555555555556,0.9447565543071161,2.1126153469085693
Wiki,10,269,483,0.65,0.5,2,0.26174661190718457,0.005952380952380952,0.7794943820224719,2.1135666370391846
Wiki,10,269,520,0.7,0.5,1,0.2715613042448762,0.006806930693069307,0.7059925093632958,2.235257863998413
Wiki,10,269,520,0.7,0.5,2,0.2778496820871482,0.0055147058823529415,0.7312734082397003,2.116351842880249
Wiki,10,269,557,0.75,0.5,1,0.23072059988447527,0.008522727272727272,0.7626404494382022,2.1177141666412354
Wiki,10,269,557,0.75,0.5,2,0.28190896066159293,0.011029411764705883,0.9101123595505618,2.2312772274017334
Wiki,10,269,594,0.8,0.5,1,0.2540623786277176,0.007254464285714286,0.8520599250936329,2.1480553150177
Wiki,10,269,594,0.8,0.5,2,0.25996502652865416,0.005434782608695652,0.6671348314606742,2.1381688117980957
Wiki,10,269,632,0.85,0.5,1,0.2501659282606179,0.009722222222222222,0.8717228464419475,2.132929563522339
Wiki,10,269,632,0.85,0.5,2,0.2637900077673746,0.01715686274509804,0.8590823970037453,2.260528564453125
Wiki,10,269,669,0.9,0.5,1,0.2439251522118287,0.008125,0.7893258426966292,2.1523144245147705
Wiki,10,269,669,0.9,0.5,2,0.24928797914349218,0.006448412698412698,0.798689138576779,2.149247407913208
Wiki,10,269,706,0.95,0.5,1,0.2654130713347386,0.007954545454545454,0.8614232209737828,2.278665065765381
Wiki,10,269,706,0.95,0.5,2,0.2603674670241874,0.014423076923076924,0.973314606741573,2.150283098220825
Wiki,10,269,743,1,0.5,1,0.2303624794208,0.008254716981132075,0.8637640449438202,2.1586618423461914
Wiki,10,269,743,1,0.5,2,0.2511861041589481,0.011029411764705883,0.7911985018726592,2.287477731704712
Wiki,11,179,0,0,,0,0.2685720941538669,0.00390625,0.6891284815813118,
Wiki,11,179,0,0,,0,0.2331270107174699,0.003933566433566434,0.5238095238095238,
Wiki,11,179,5,0.01,0.5,1,0.2743982308227039,0.006313131313131313,0.6473495058400719,2.049165725708008
Wiki,11,179,5,0.01,0.5,2,0.24811597782783354,0.003355704697986577,0.5718778077268644,2.058823585510254
Wiki,11,179,25,0.05,0.5,1,0.24547645173988178,0.0054133858267716535,0.6639712488769093,2.1896848678588867
Wiki,11,179,25,0.05,0.5,2,0.26386742562802445,0.003879310344827586,0.5601976639712489,2.0551812648773193
Wiki,11,179,49,0.1,0.5,1,0.23648936666093084,0.004770992366412214,0.7035040431266847,2.0764529705047607
Wiki,11,179,49,0.1,0.5,2,0.24188909516899199,0.004562043795620438,0.633423180592992,2.073716402053833
Wiki,11,179,74,0.15,0.5,1,0.23485395164560027,0.003147482014388489,0.49236298292902064,2.2158896923065186
Wiki,11,179,74,0.15,0.5,2,0.27842732327842395,0.004310344827586207,0.6235399820305481,2.077324867248535
Wiki,11,179,98,0.2,0.5,1,0.29720862071738197,0.005357142857142857,0.6945193171608266,2.080289125442505
Wiki,11,179,98,0.2,0.5,2,0.24393296046750396,0.005826271186440678,0.7187780772686433,2.185443878173828
Wiki,11,179,123,0.25,0.5,1,0.2598585025226537,0.00744047619047619,0.9716981132075472,2.061406135559082
Wiki,11,179,123,0.25,0.5,2,0.2607835137368665,0.007575757575757576,0.789308176100629,2.0739052295684814
Wiki,11,179,148,0.3,0.5,1,0.2744817231147449,0.006202290076335878,0.862533692722372,2.06791615486145
Wiki,11,179,148,0.3,0.5,2,0.23824513344361614,0.005639097744360902,0.7722371967654986,2.1793904304504395
Wiki,11,179,172,0.35,0.5,1,0.26402184720511224,0.007211538461538462,0.7681940700808625,2.0757229328155518
Wiki,11,179,172,0.35,0.5,2,0.2604512072263121,0.008484848484848486,0.9474393530997305,2.0798163414001465
Wiki,11,179,197,0.4,0.5,1,0.21650081117035108,0.00665983606557377,0.7753818508535489,2.2046570777893066
Wiki,11,179,197,0.4,0.5,2,0.2589816377114913,0.006097560975609756,0.7048517520215634,2.1256418228149414
Wiki,11,179,221,0.45,0.5,1,0.24499715418730422,0.004981884057971014,0.738544474393531,2.0749387741088867
Wiki,11,179,221,0.45,0.5,2,0.24394016008045685,0.007425742574257425,0.7973944294699011,2.075198173522949
Wiki,11,179,246,0.5,0.5,1,0.2575552777950479,0.00701530612244898,0.6729559748427673,2.2122910022735596
Wiki,11,179,246,0.5,0.5,2,0.2576007535386277,0.0040650406504065045,0.6504941599281222,2.0922327041625977
Wiki,11,179,271,0.55,0.5,1,0.31012215039350405,0.006696428571428571,0.7807726864330637,2.086634874343872
Wiki,11,179,271,0.55,0.5,2,0.24437907013720137,0.007236842105263158,0.8050314465408805,2.204643487930298
Wiki,11,179,295,0.6,0.5,1,0.26304643125046384,0.006956521739130435,0.7987421383647799,2.0946714878082275
Wiki,11,179,295,0.6,0.5,2,0.25300896267612205,0.007425742574257425,0.7834681042228212,2.1009750366210938
Wiki,11,179,320,0.65,0.5,1,0.2555024951170345,0.00589622641509434,0.683288409703504,2.083807945251465
Wiki,11,179,320,0.65,0.5,2,0.24611055336204846,0.005040322580645161,0.6123090745732255,2.215481758117676
Wiki,11,179,344,0.7,0.5,1,0.21244778850467896,0.009417808219178082,0.6783468104222821,2.100440502166748
Wiki,11,179,344,0.7,0.5,2,0.2595490980331241,0.007022471910112359,0.6954177897574124,2.100367307662964
Wiki,11,179,369,0.75,0.5,1,0.2531716410646251,0.0078125,0.6954177897574124,2.2079014778137207
Wiki,11,179,369,0.75,0.5,2,0.21079174094749994,0.009963768115942028,0.7210242587601078,2.102997303009033
Wiki,11,179,394,0.8,0.5,1,0.23136504634444874,0.010714285714285714,0.798292902066487,2.0936977863311768
Wiki,11,179,394,0.8,0.5,2,0.23599461934501229,0.016163793103448277,0.9101527403414196,2.0929818153381348
Wiki,11,179,418,0.85,0.5,1,0.2803806089716884,0.011652542372881356,0.8463611859838275,2.219933271408081
Wiki,11,179,418,0.85,0.5,2,0.24782159730132108,0.007902298850574713,0.6599281221922731,2.1090455055236816
Wiki,11,179,443,0.9,0.5,1,0.24836230300326345,0.007638888888888889,0.7439353099730458,2.1062934398651123
Wiki,11,179,443,0.9,0.5,2,0.23692713574314003,0.010670731707317074,0.8230008984725966,2.234949827194214
Wiki,11,179,467,0.95,0.5,1,0.26179375932278837,0.008223684210526315,0.6226415094339622,2.1240110397338867
Wiki,11,179,467,0.95,0.5,2,0.23098045055808086,0.008620689655172414,0.7088948787061995,2.125392436981201
Wiki,11,179,492,1,0.5,1,0.2271035443018307,0.009943181818181818,0.8805031446540881,2.2315378189086914
Wiki,11,179,492,1,0.5,2,0.2228835199077215,0.009510869565217392,0.8481581311769991,2.1185009479522705
Wiki,12,9,0,0,,0,0.2946506812487443,0.125,0.27712854757929883,
Wiki,12,9,0,0,,0,0.2638208099812131,0.15625,0.35058430717863104,
Wiki,12,9,0,0.01,0.5,1,0.2689373053459118,0.05,0.2395659432387312,2.024994134902954
Wiki,12,9,0,0.01,0.5,2,0.2645400398967282,0.0625,0.22120200333889817,2.171339988708496
Wiki,12,9,0,0.05,0.5,1,0.26515946670022295,0.017857142857142856,0.1873956594323873,2.035980701446533
Wiki,12,9,0,0.05,0.5,2,0.2714403219842833,0.08333333333333333,0.34474123539232054,2.026388645172119
Wiki,12,9,0,0.1,0.5,1,0.24223313225778026,0.05,0.24457429048414023,2.0197770595550537
Wiki,12,9,0,0.1,0.5,2,0.27742492841858163,0.05,0.335559265442404,2.1504976749420166
Wiki,12,9,1,0.15,0.5,1,0.27829915507996605,0.125,0.40859766277128545,2.0543673038482666
Wiki,12,9,1,0.15,0.5,2,0.26460204154980244,0.125,0.43196994991652754,2.045689344406128
Wiki,12,9,1,0.2,0.5,1,0.29960935617347373,0.1875,0.3493322203672788,2.1906349658966064
Wiki,12,9,1,0.2,0.5,2,0.26835756780459563,0.0625,0.24040066777963273,2.0502307415008545
Wiki,12,9,1,0.25,0.5,1,0.272793780150941,0.10416666666666667,0.3192821368948247,2.0557899475097656
Wiki,12,9,1,0.25,0.5,2,0.2585980637042801,0.10416666666666667,0.3998330550918197,2.070723295211792
Wiki,12,9,1,0.3,0.5,1,0.28814474404580326,0.08333333333333333,0.21118530884808012,2.1765613555908203
Wiki,12,9,1,0.3,0.5,2,0.24152812930674192,0.1875,0.41402337228714525,2.056549072265625
Wiki,12,9,1,0.35,0.5,1,0.2878901437673873,0.21875,0.4582637729549249,2.057225227355957
Wiki,12,9,1,0.35,0.5,2,0.25341701463686706,0.15625,0.3159432387312187,2.052231788635254
Wiki,12,9,2,0.4,0.5,1,0.2639090032839253,0.125,0.4578464106844741,2.227781295776367
Wiki,12,9,2,0.4,0.5,2,0.27121326437672,0.1875,0.3493322203672788,2.0529210567474365
Wiki,12,9,2,0.45,0.5,1,0.23984284836286962,0.10416666666666667,0.35392320534223703,2.034466505050659
Wiki,12,9,2,0.45,0.5,2,0.2855628169044934,0.10416666666666667,0.32387312186978295,2.1627652645111084
Wiki,12,9,2,0.5,0.5,1,0.3001292967031183,0.15625,0.36185308848080133,2.056610345840454
Wiki,12,9,2,0.5,0.5,2,0.2773461642187334,0.10416666666666667,0.3722871452420701,2.055788993835449
Wiki,12,9,2,0.55,0.5,1,0.2748923683176592,0.125,0.4373956594323873,2.1817288398742676
Wiki,12,9,2,0.55,0.5,2,0.247328727727051,0.10416666666666667,0.26001669449081805,2.0709664821624756
Wiki,12,9,2,0.6,0.5,1,0.26995674193475366,0.08333333333333333,0.27963272120200333,2.060321092605591
Wiki,12,9,2,0.6,0.5,2,0.2806424580865289,0.10416666666666667,0.36519198664440733,2.0450918674468994
Wiki,12,9,3,0.65,0.5,1,0.2669495780515042,0.16666666666666666,0.33764607679465775,2.183773994445801
Wiki,12,9,3,0.65,0.5,2,0.28426734016893634,0.125,0.35141903171953254,2.0577335357666016
Wiki,12,9,3,0.7,0.5,1,0.26241630694998525,0.08333333333333333,0.30342237061769617,2.0482370853424072
Wiki,12,9,3,0.7,0.5,2,0.27657452746669253,0.15625,0.34307178631051755,2.1792027950286865
Wiki,12,9,3,0.75,0.5,1,0.2826321144019967,0.0625,0.22579298831385644,2.0683579444885254
Wiki,12,9,3,0.75,0.5,2,0.2468410204519277,0.0625,0.2395659432387312,2.0592169761657715
Wiki,12,9,3,0.8,0.5,1,0.24472980495314783,0.1875,0.4119365609348915,2.0427451133728027
Wiki,12,9,3,0.8,0.5,2,0.2543670547731239,0.0625,0.2817195325542571,2.184438943862915
Wiki,12,9,3,0.85,0.5,1,0.25804315811151896,0.1875,0.41986644407345575,2.0468227863311768
Wiki,12,9,3,0.85,0.5,2,0.2795750995269104,0.10416666666666667,0.38188647746243737,2.054486036300659
Wiki,12,9,4,0.9,0.5,1,0.21969039041747027,0.10416666666666667,0.35434056761268784,2.1786420345306396
Wiki,12,9,4,0.9,0.5,2,0.2800001505573109,0.15625,0.3046744574290484,2.0397114753723145
Wiki,12,9,4,0.95,0.5,1,0.3048249708307838,0.10416666666666667,0.3702003338898164,2.0456254482269287
Wiki,12,9,4,0.95,0.5,2,0.3097175009661968,0.0625,0.3893989983305509,2.0466649532318115
Wiki,12,9,4,1,0.5,1,0.22253257417813768,0.125,0.4073455759599332,2.2069575786590576
Wiki,12,9,4,1,0.5,2,0.25542978276218664,0.08333333333333333,0.2938230383973289,2.056004285812378
Wiki,13,30,0,0,,0,0.2457407115058552,0.04017857142857143,0.6088421052631579,
Wiki,13,30,0,0,,0,0.271267779515769,0.01953125,0.384,
Wiki,13,30,0,0.01,0.5,1,0.26897238581567634,0.046875,0.5797894736842105,2.0118565559387207
Wiki,13,30,0,0.01,0.5,2,0.2821861390122794,0.046875,0.6421052631578947,2.1456542015075684
Wiki,13,30,1,0.05,0.5,1,0.2846709920141026,0.06944444444444445,0.7010526315789474,2.054858684539795
Wiki,13,30,1,0.05,0.5,2,0.2688647684106994,0.04807692307692308,0.639578947368421,2.048139810562134
Wiki,13,30,3,0.1,0.5,1,0.25159399036106894,0.041666666666666664,0.6614736842105263,2.1850242614746094
Wiki,13,30,3,0.1,0.5,2,0.2512780576319376,0.09375,0.8,2.0499982833862305
Wiki,13,30,4,0.15,0.5,1,0.2961270937738839,0.04326923076923077,0.5465263157894736,2.0600454807281494
Wiki,13,30,4,0.15,0.5,2,0.2690798284076419,0.03125,0.49726315789473685,2.0487945079803467
Wiki,13,30,6,0.2,0.5,1,0.2634427409089316,0.03571428571428571,0.5806315789473684,2.1740972995758057
Wiki,13,30,6,0.2,0.5,2,0.24053693778608254,0.078125,0.6648421052631579,2.0583181381225586
Wiki,13,30,7,0.25,0.5,1,0.2662840247461198,0.06875,0.8050526315789474,2.046827793121338
Wiki,13,30,7,0.25,0.5,2,0.2894021127530139,0.03571428571428571,0.5616842105263158,2.1808698177337646
Wiki,13,30,9,0.3,0.5,1,0.23745204973196787,0.045454545454545456,0.48505263157894735,2.0517730712890625
Wiki,13,30,9,0.3,0.5,2,0.24398626243410443,0.02734375,0.5583157894736842,2.043574333190918
Wiki,13,30,10,0.35,0.5,1,0.2353256821348586,0.05113636363636364,0.632,2.063087224960327
Wiki,13,30,10,0.35,0.5,2,0.2982517537810417,0.05625,0.5684210526315789,2.199655532836914
Wiki,13,30,12,0.4,0.5,1,0.27183120390537535,0.05113636363636364,0.6256842105263158,2.0739707946777344
Wiki,13,30,12,0.4,0.5,2,0.28202717678030426,0.06944444444444445,0.6593684210526316,2.0522196292877197
Wiki,13,30,13,0.45,0.5,1,0.2733888810673346,0.0859375,0.7052631578947368,2.0379114151000977
Wiki,13,30,13,0.45,0.5,2,0.26788252410233365,0.171875,0.6332631578947369,2.189833641052246
Wiki,13,30,14,0.5,0.5,1,0.23477815029641194,0.022058823529411766,0.5061052631578947,2.062258720397949
Wiki,13,30,14,0.5,0.5,2,0.27529951350366794,0.06944444444444445,0.624,2.0581576824188232
Wiki,13,30,16,0.55,0.5,1,0.26634580675933595,0.0859375,0.6791578947368421,2.164597749710083
Wiki,13,30,16,0.55,0.5,2,0.2529555217778946,0.052083333333333336,0.6336842105263157,2.066364049911499
Wiki,13,30,17,0.6,0.5,1,0.26176332643426764,0.046875,0.6185263157894737,2.0572383403778076
Wiki,13,30,17,0.6,0.5,2,0.26590223684477104,0.0625,0.5183157894736842,2.178415060043335
Wiki,13,30,19,0.65,0.5,1,0.250090441047422,0.04017857142857143,0.6101052631578947,2.056699275970459
Wiki,13,30,19,0.65,0.5,2,0.2824161791741437,0.05,0.5932631578947368,2.049912691116333
Wiki,13,30,20,0.7,0.5,1,0.28624642982200654,0.05555555555555555,0.5722105263157895,2.057792901992798
Wiki,13,30,20,0.7,0.5,2,0.24746850572128531,0.07142857142857142,0.5945263157894737,2.2193963527679443
Wiki,13,30,22,0.75,0.5,1,0.27401138621826615,0.06818181818181818,0.8025263157894736,2.070739984512329
Wiki,13,30,22,0.75,0.5,2,0.28298205849201524,0.04326923076923077,0.6391578947368421,2.0598623752593994
Wiki,13,30,23,0.8,0.5,1,0.25635341613653034,0.01953125,0.39410526315789474,2.1845223903656006
Wiki,13,30,23,0.8,0.5,2,0.26393271678811253,0.0625,0.6252631578947369,2.0557451248168945
Wiki,13,30,25,0.85,0.5,1,0.30206491462405394,0.078125,0.6606315789473685,2.051807165145874
Wiki,13,30,25,0.85,0.5,2,0.29996384689776484,0.0763888888888889,0.7128421052631579,2.056647777557373
Wiki,13,30,26,0.9,0.5,1,0.2760892364551021,0.05555555555555555,0.5886315789473684,2.169203281402588
Wiki,13,30,26,0.9,0.5,2,0.23823461416234729,0.0625,0.6218947368421053,2.0563573837280273
Wiki,13,30,28,0.95,0.5,1,0.2653168510669856,0.09375,0.8063157894736842,2.057436227798462
Wiki,13,30,28,0.95,0.5,2,0.3026924217655492,0.08928571428571429,0.6117894736842105,2.1621925830841064
Wiki,13,30,29,1,0.5,1,0.27508039954410707,0.08035714285714286,0.7132631578947368,2.053121328353882
Wiki,13,30,29,1,0.5,2,0.2843452368225947,0.06944444444444445,0.6168421052631579,2.0331878662109375
Wiki,14,77,0,0,,0,0.24099201269535572,0.03260869565217391,0.7869415807560137,
Wiki,14,77,0,0,,0,0.2706527337963966,0.049107142857142856,0.740979381443299,
Wiki,14,77,1,0.01,0.5,1,0.26240860163038027,0.034375,0.6481958762886598,2.144900321960449
Wiki,14,77,1,0.01,0.5,2,0.27082725883459213,0.04779411764705882,0.7689003436426117,2.0486059188842773
Wiki,14,77,3,0.05,0.5,1,0.2728351153527129,0.05,0.7384020618556701,2.0527210235595703
Wiki,14,77,3,0.05,0.5,2,0.2597250862977253,0.041666666666666664,0.6481958762886598,2.0647037029266357
Wiki,14,77,6,0.1,0.5,1,0.28967254180155716,0.028409090909090908,0.6610824742268041,2.1869091987609863
Wiki,14,77,6,0.1,0.5,2,0.2332068503233602,0.03409090909090909,0.7615979381443299,2.0567052364349365
Wiki,14,77,9,0.15,0.5,1,0.31625634988698575,0.028409090909090908,0.7006013745704467,2.0672290325164795
Wiki,14,77,9,0.15,0.5,2,0.28027800724876484,0.03125,0.5223367697594502,2.2197000980377197
Wiki,14,77,12,0.2,0.5,1,0.3065040237990643,0.03273809523809524,0.7173539518900344,2.0680789947509766
Wiki,14,77,12,0.2,0.5,2,0.258460237345185,0.06770833333333333,0.7998281786941581,2.0698084831237793
Wiki,14,77,15,0.25,0.5,1,0.28329018907430614,0.03125,0.7830756013745704,2.077695846557617
Wiki,14,77,15,0.25,0.5,2,0.27814722026234684,0.04779411764705882,0.7890893470790378,2.1996922492980957
Wiki,14,77,18,0.3,0.5,1,0.27707441943741296,0.0375,0.7444158075601375,2.0693519115448
Wiki,14,77,18,0.3,0.5,2,0.26002654456573404,0.03977272727272727,0.8874570446735395,2.068269729614258
Wiki,14,77,21,0.35,0.5,1,0.24404614616405476,0.03289473684210526,0.6778350515463918,2.1959714889526367
Wiki,14,77,21,0.35,0.5,2,0.26460757895768733,0.03618421052631579,0.7027491408934707,2.1056323051452637
Wiki,14,77,24,0.4,0.5,1,0.3294407376491876,0.03571428571428571,0.8058419243986255,2.0828449726104736
Wiki,14,77,24,0.4,0.5,2,0.3185790132927132,0.0625,0.8767182130584192,2.0764472484588623
Wiki,14,77,27,0.45,0.5,1,0.3055133049289923,0.022916666666666665,0.6606529209621993,2.209120512008667
Wiki,14,77,27,0.45,0.5,2,0.26205169404667505,0.01893939393939394,0.7031786941580757,2.0721750259399414
Wiki,14,77,30,0.5,0.5,1,0.2582405288609997,0.03409090909090909,0.8032646048109966,2.072148323059082
Wiki,14,77,30,0.5,0.5,2,0.2475946184025478,0.03273809523809524,0.7023195876288659,2.1945960521698
Wiki,14,77,34,0.55,0.5,1,0.26823809456305825,0.04583333333333333,0.7615979381443299,2.0789079666137695
Wiki,14,77,34,0.55,0.5,2,0.2834514418609584,0.03273809523809524,0.6782646048109966,2.069953441619873
Wiki,14,77,37,0.6,0.5,1,0.27285979462930604,0.036931818181818184,0.7697594501718213,2.085975170135498
Wiki,14,77,37,0.6,0.5,2,0.29874120184383746,0.024553571428571428,0.6868556701030928,2.19718861579895
Wiki,14,77,40,0.65,0.5,1,0.2751113643100631,0.029891304347826088,0.6593642611683849,2.0846481323242188
Wiki,14,77,40,0.65,0.5,2,0.29180196559597404,0.02546296296296296,0.7066151202749141,2.0687522888183594
Wiki,14,77,43,0.7,0.5,1,0.25531350646789364,0.052884615384615384,0.7109106529209622,2.2066805362701416
Wiki,14,77,43,0.7,0.5,2,0.24027462417439133,0.05,0.7512886597938144,2.09930157661438
Wiki,14,77,46,0.75,0.5,1,0.2437370052629796,0.04296875,0.7323883161512027,2.080674886703491
Wiki,14,77,46,0.75,0.5,2,0.25149826776033507,0.029891304347826088,0.6619415807560137,2.0838193893432617
Wiki,14,77,49,0.8,0.5,1,0.2903624705155247,0.03571428571428571,0.7229381443298969,2.2027628421783447
Wiki,14,77,49,0.8,0.5,2,0.26307269841809666,0.04583333333333333,0.7246563573883161,2.0779526233673096
Wiki,14,77,52,0.85,0.5,1,0.24596927109356678,0.0625,0.8397766323024055,2.078800678253174
Wiki,14,77,52,0.85,0.5,2,0.27192621143290785,0.0625,0.8913230240549829,2.1959009170532227
Wiki,14,77,55,0.9,0.5,1,0.25878731815502926,0.05357142857142857,0.7809278350515464,2.0765368938446045
Wiki,14,77,55,0.9,0.5,2,0.2565995091248493,0.0625,0.8732817869415808,2.0760059356689453
Wiki,14,77,58,0.95,0.5,1,0.26167495140363933,0.04583333333333333,0.6254295532646048,2.2051937580108643
Wiki,14,77,58,0.95,0.5,2,0.2900315714052451,0.0375,0.8221649484536082,2.0737550258636475
Wiki,14,77,61,1,0.5,1,0.26317398213379833,0.0625,0.7646048109965635,2.0809760093688965
Wiki,14,77,61,1,0.5,2,0.2568587761445844,0.0625,0.8337628865979382,2.0845093727111816
Wiki,15,228,0,0,,0,0.2581253882973296,0.014830508474576272,0.8231511254019293,
Wiki,15,228,0,0,,0,0.24350450449265457,0.018229166666666668,0.8245291685806155,
Wiki,15,228,5,0.01,0.5,1,0.2846083079666459,0.0188953488372093,0.8360128617363344,2.077075719833374
Wiki,15,228,5,0.01,0.5,2,0.27251727261088665,0.017663043478260868,0.8543867707854846,2.0742361545562744
Wiki,15,228,27,0.05,0.5,1,0.2733083116378559,0.019444444444444445,0.8392282958199357,2.079042911529541
Wiki,15,228,27,0.05,0.5,2,0.30841722364134616,0.021875,0.8571428571428571,2.2074904441833496
Wiki,15,228,54,0.1,0.5,1,0.2684447388335762,0.02127659574468085,1.0,2.0631661415100098
Wiki,15,228,54,0.1,0.5,2,0.24251811352862013,0.015931372549019607,0.7955902618282039,2.071423292160034
Wiki,15,228,80,0.15,0.5,1,0.24428100591541307,0.022865853658536585,0.9623334864492421,2.1906332969665527
Wiki,15,228,80,0.15,0.5,2,0.23784207667498505,0.02533783783783784,0.8943500229673863,2.0614686012268066
Wiki,15,228,107,0.2,0.5,1,0.28019350157833234,0.01953125,0.8998621956821313,2.055605888366699
Wiki,15,228,107,0.2,0.5,2,0.26901329882010316,0.017857142857142856,0.9067524115755627,2.055108070373535
Wiki,15,228,134,0.25,0.5,1,0.24291462829460125,0.02180232558139535,0.9058337161231051,2.193061590194702
Wiki,15,228,134,0.25,0.5,2,0.2549715436491035,0.017857142857142856,0.8773541570969223,2.0546929836273193
Wiki,15,228,161,0.3,0.5,1,0.2860902520071763,0.016741071428571428,0.8934313275149288,2.0633184909820557
Wiki,15,228,161,0.3,0.5,2,0.2457177814610865,0.019817073170731708,0.8392282958199357,2.1932034492492676
Wiki,15,228,188,0.35,0.5,1,0.26068724789978664,0.022727272727272728,1.0,2.0977208614349365
Wiki,15,228,188,0.35,0.5,2,0.27408640920662136,0.019886363636363636,0.8621956821313734,2.059577465057373
Wiki,15,228,214,0.4,0.5,1,0.28320357161411347,0.015625,0.8144235186035829,2.2025506496429443
Wiki,15,228,214,0.4,0.5,2,0.28153606170178713,0.01875,0.9108865411116215,2.070884943008423
Wiki,15,228,241,0.45,0.5,1,0.26213497883492515,0.018465909090909092,0.8098300413412953,2.0785675048828125
Wiki,15,228,241,0.45,0.5,2,0.2942303201906569,0.024671052631578948,0.9333945796968305,2.0679755210876465
Wiki,15,228,268,0.5,0.5,1,0.2888381313126874,0.015,0.7395498392282959,2.212325096130371
Wiki,15,228,268,0.5,0.5,2,0.283918689148383,0.0234375,0.9283417547083141,2.070399522781372
Wiki,15,228,295,0.55,0.5,1,0.29147269506012013,0.016826923076923076,0.8286632981166743,2.0764176845550537
Wiki,15,228,295,0.55,0.5,2,0.2627730770510017,0.024671052631578948,0.9274230592558567,2.207216501235962
Wiki,15,228,322,0.6,0.5,1,0.26506200505305644,0.015625,0.8098300413412953,2.0769786834716797
Wiki,15,228,322,0.6,0.5,2,0.28550609583953085,0.015086206896551725,0.8598989435002297,2.0794167518615723
Wiki,15,228,348,0.65,0.5,1,0.26713923736296213,0.01838235294117647,0.906293063849334,2.08280873298645
Wiki,15,228,348,0.65,0.5,2,0.25701297779679527,0.01625,0.7946715663757464,2.2076220512390137
Wiki,15,228,375,0.7,0.5,1,0.2918856783493281,0.01953125,0.9366100137804317,2.1077961921691895
Wiki,15,228,375,0.7,0.5,2,0.30107854225278535,0.01069078947368421,0.7694074414331649,2.0934865474700928
Wiki,15,228,402,0.75,0.5,1,0.28621854425413285,0.01913265306122449,0.9113458888378503,2.2145371437072754
Wiki,15,228,402,0.75,0.5,2,0.2401370366872626,0.016203703703703703,0.8925126320624713,2.1038403511047363
Wiki,15,228,429,0.8,0.5,1,0.24503538106454723,0.014508928571428572,0.8341754708314194,2.1017563343048096
Wiki,15,228,429,0.8,0.5,2,0.26106604563233254,0.020348837209302327,0.9113458888378503,2.091881513595581
Wiki,15,228,456,0.85,0.5,1,0.2850090183243823,0.02403846153846154,0.9145613229214515,2.229153633117676
Wiki,15,228,456,0.85,0.5,2,0.24502887400888118,0.021875,0.883785025264125,2.0926005840301514
Wiki,15,228,482,0.9,0.5,1,0.2943094889883466,0.017857142857142856,0.8360128617363344,2.1002931594848633
Wiki,15,228,482,0.9,0.5,2,0.2942036766920636,0.021875,0.8566835094166284,2.222762107849121
Wiki,15,228,509,0.95,0.5,1,0.26231266488225247,0.020348837209302327,0.8231511254019293,2.1199681758880615
Wiki,15,228,509,0.95,0.5,2,0.27661300637617425,0.015350877192982455,0.8539274230592558,2.106718063354492
Wiki,15,228,536,1,0.5,1,0.275376937278149,0.024305555555555556,0.8401469912723932,2.218451499938965
Wiki,15,228,536,1,0.5,2,0.2990716769137543,0.015873015873015872,1.0,2.1034021377563477
Wiki,16,108,0,0,,0,0.2537049721567274,0.003289473684210526,0.347409664780148,
Wiki,16,108,0,0,,0,0.29363001664329563,0.004032258064516129,0.3548106225511537,
Wiki,16,108,5,0.01,0.5,1,0.22718610110848564,0.004654255319148936,0.4392686112320418,2.040969133377075
Wiki,16,108,5,0.01,0.5,2,0.26674159786448776,0.004076086956521739,0.4305616020896822,2.1700046062469482
Wiki,16,108,25,0.05,0.5,1,0.299553508117196,0.003360215053763441,0.36612973443622115,2.0545921325683594
Wiki,16,108,25,0.05,0.5,2,0.2610769235140979,0.004032258064516129,0.43099695254680015,2.0431573390960693
Wiki,16,108,50,0.1,0.5,1,0.24862574109488586,0.002688172043010753,0.2999564649542882,2.0517780780792236
Wiki,16,108,50,0.1,0.5,2,0.22998885597624985,0.003324468085106383,0.33347845015237265,2.168816566467285
Wiki,16,108,76,0.15,0.5,1,0.25147321875885437,0.004213483146067416,0.35393992163691773,2.0514395236968994
Wiki,16,108,76,0.15,0.5,2,0.23169219676841846,0.0033967391304347825,0.4105354810622551,2.047192096710205
Wiki,16,108,101,0.2,0.5,1,0.28396492875405127,0.002976190476190476,0.26599912929908576,2.182363748550415
Wiki,16,108,101,0.2,0.5,2,0.26001174933761917,0.003434065934065934,0.38397910317805833,2.0627999305725098
Wiki,16,108,126,0.25,0.5,1,0.25773335287786925,0.004032258064516129,0.369177187636047,2.0800693035125732
Wiki,16,108,126,0.25,0.5,2,0.27414336595362176,0.004213483146067416,0.41227688289072706,2.2005836963653564
Wiki,16,108,151,0.3,0.5,1,0.27179543645909787,0.003434065934065934,0.39747496734871574,2.0598700046539307
Wiki,16,108,151,0.3,0.5,2,0.25027412891127687,0.004755434782608696,0.47453199825859815,2.0902395248413086
Wiki,16,108,176,0.35,0.5,1,0.2820515088376,0.004120879120879121,0.43535045711798,2.053691864013672
Wiki,16,108,176,0.35,0.5,2,0.26092431142999645,0.003989361702127659,0.42925555071832827,2.200439929962158
Wiki,16,108,202,0.4,0.5,1,0.2743464373628395,0.0032216494845360823,0.369612538093165,2.0713086128234863
Wiki,16,108,202,0.4,0.5,2,0.26998057089772154,0.0033967391304347825,0.29516760992599045,2.0732920169830322
Wiki,16,108,227,0.45,0.5,1,0.2999690102192846,0.005208333333333333,0.4897692642577275,2.1946451663970947
Wiki,16,108,227,0.45,0.5,2,0.27466917535751506,0.0056179775280898875,0.5306922072268175,2.060601234436035
Wiki,16,108,252,0.5,0.5,1,0.259487829859335,0.0049157303370786515,0.4845450587723117,2.080091714859009
Wiki,16,108,252,0.5,0.5,2,0.24379010568229434,0.0049157303370786515,0.4323030039181541,2.065279960632324
Wiki,16,108,277,0.55,0.5,1,0.23788643623228198,0.0035112359550561797,0.35132781889420983,2.2237679958343506
Wiki,16,108,277,0.55,0.5,2,0.27108167374622627,0.006097560975609756,0.5555071832825424,2.1176106929779053
Wiki,16,108,302,0.6,0.5,1,0.22247871873460648,0.005271084337349397,0.43970396168915976,2.1084349155426025
Wiki,16,108,302,0.6,0.5,2,0.2499906762313819,0.00703125,0.5820635611667392,2.2276196479797363
Wiki,16,108,328,0.65,0.5,1,0.258522448792966,0.005681818181818182,0.4919460165433174,2.1007723808288574
Wiki,16,108,328,0.65,0.5,2,0.2824102676207314,0.007305194805194805,0.5245973008271658,2.1574015617370605
Wiki,16,108,353,0.7,0.5,1,0.2834239559509663,0.004411764705882353,0.4005224205485416,2.065108060836792
Wiki,16,108,353,0.7,0.5,2,0.26573625906847725,0.005,0.44710491946016545,2.199465751647949
Wiki,16,108,378,0.75,0.5,1,0.24069874319018428,0.005087209302325582,0.42751414888985634,2.068918466567993
Wiki,16,108,378,0.75,0.5,2,0.2649642696873829,0.004807692307692308,0.455811928602525,2.0745913982391357
Wiki,16,108,403,0.8,0.5,1,0.2750146903423242,0.007716049382716049,0.5933826730518067,2.186880588531494
Wiki,16,108,403,0.8,0.5,2,0.27043292391459056,0.004861111111111111,0.4823683064867218,2.0753111839294434
Wiki,16,108,428,0.85,0.5,1,0.2547796657051498,0.007705479452054794,0.5476708750544188,2.1376802921295166
Wiki,16,108,428,0.85,0.5,2,0.297014676690766,0.009943181818181818,0.4754026991728341,2.1967742443084717
Wiki,16,108,454,0.9,0.5,1,0.2839534999366419,0.008333333333333333,0.4845450587723117,2.066784381866455
Wiki,16,108,454,0.9,0.5,2,0.23510981740477982,0.005681818181818182,0.47583804962995213,2.073071241378784
Wiki,16,108,479,0.95,0.5,1,0.24227722972500843,0.007936507936507936,0.4697431432303004,2.0743799209594727
Wiki,16,108,479,0.95,0.5,2,0.2410999739070593,0.003720238095238095,0.3892033086634741,2.1904633045196533
Wiki,16,108,504,1,0.5,1,0.24667036851620697,0.009375,0.5472355245973008,2.075756788253784
Wiki,16,108,504,1,0.5,2,0.24193457776924765,0.007142857142857143,0.523291249455812,2.09651517868042
